38.4534333,-9.1991495,coastline
38.4526289,-9.2013373,coastline
38.4522427,-9.201786,coastline
38.4518658,-9.2017162,coastline
38.4516835,-9.2013088,coastline
38.4513832,-9.2013724,coastline
38.4512574,-9.2013911,coastline
38.4511408,-9.2014657,coastline
38.4511014,-9.2015269,coastline
38.4510367,-9.2018514,coastline
38.4510008,-9.2018945,coastline
38.4508134,-9.2020075,coastline
38.4507662,-9.202,coastline
38.4507418,-9.2019656,coastline
38.4506071,-9.2016675,coastline
38.4504956,-9.2015444,coastline
38.4504495,-9.2015424,coastline
38.4502988,-9.2016349,coastline
38.4501828,-9.2017656,coastline
38.4500857,-9.2019415,coastline
38.4500011,-9.2021558,coastline
38.4499096,-9.2025904,coastline
38.4498156,-9.2033626,coastline
38.4495305,-9.203853,coastline
38.4493725,-9.2043404,coastline
38.4490551,-9.2050786,coastline
38.4490216,-9.2052117,coastline
38.4490155,-9.2056413,coastline
38.4488338,-9.2058564,coastline
38.4485776,-9.2059412,coastline
38.4483653,-9.2060404,coastline
38.4477949,-9.206371,coastline
38.4476269,-9.2063951,coastline
38.4475025,-9.2063796,coastline
38.4472908,-9.2062932,coastline
38.4468906,-9.2059973,coastline
38.4467545,-9.2059598,coastline
38.4465462,-9.2059691,coastline
38.4464328,-9.2060478,coastline
38.4461584,-9.2064305,coastline
38.4461531,-9.2065299,coastline
38.4462967,-9.2066849,coastline
38.4462963,-9.2067285,coastline
38.4462103,-9.2068528,coastline
38.4459197,-9.2070158,coastline
38.4457141,-9.2070754,coastline
38.4454296,-9.2070917,coastline
38.4453347,-9.2071285,coastline
38.4451988,-9.2072554,coastline
38.4451413,-9.2074427,coastline
38.4450818,-9.207506,coastline
38.4445057,-9.2076316,coastline
38.444085,-9.2075997,coastline
38.4437409,-9.2075308,coastline
38.4436405,-9.207534,coastline
38.4434989,-9.2076774,coastline
38.4430869,-9.2078722,coastline
38.4424827,-9.208458,coastline
38.4420264,-9.2088407,coastline
38.4418262,-9.2090597,coastline
38.4415643,-9.2094322,coastline
38.4412223,-9.2097503,coastline
38.4410723,-9.2100065,coastline
38.4408218,-9.2101801,coastline
38.4408012,-9.2102098,coastline
38.4407535,-9.2104805,coastline
38.4406968,-9.2105873,coastline
38.4406205,-9.2106537,coastline
38.4404632,-9.2107168,coastline
38.4403094,-9.2107596,coastline
38.4402496,-9.2107287,coastline
38.4402285,-9.2106874,coastline
38.4402251,-9.2105905,coastline
38.4402699,-9.2103259,coastline
38.4402107,-9.2102228,coastline
38.4396747,-9.2098124,coastline
38.4394979,-9.2097218,coastline
38.439423,-9.2097045,coastline
38.4392952,-9.2097216,coastline
38.4388805,-9.2099316,coastline
38.4387273,-9.2099587,coastline
38.438485,-9.2099334,coastline
38.4382177,-9.209834,coastline
38.4380035,-9.2097981,coastline
38.4373844,-9.2097905,coastline
38.4371778,-9.2098072,coastline
38.4371271,-9.209831,coastline
38.4370749,-9.2099066,coastline
38.4370586,-9.2100758,coastline
38.4369903,-9.2103181,coastline
38.4369474,-9.2103837,coastline
38.4368308,-9.2104225,coastline
38.4367032,-9.2105393,coastline
38.4365186,-9.2105515,coastline
38.4361146,-9.210913,coastline
38.4353255,-9.2113382,coastline
38.434836,-9.2117937,coastline
38.4344935,-9.2120477,coastline
38.4339059,-9.2126682,coastline
38.433615,-9.2127435,coastline
38.4333998,-9.2129285,coastline
38.432633,-9.2135018,coastline
38.4323607,-9.2137806,coastline
38.4322371,-9.2138289,coastline
38.4321015,-9.2138153,coastline
38.4320038,-9.2138633,coastline
38.4319048,-9.2139538,coastline
38.4317907,-9.2141144,coastline
38.4317541,-9.2141813,coastline
38.4316962,-9.2143852,coastline
38.4315271,-9.2145128,coastline
38.4313666,-9.2146723,coastline
38.4313093,-9.2146661,coastline
38.4313241,-9.2145204,coastline
38.4313072,-9.2144908,coastline
38.4312386,-9.2144755,coastline
38.4311281,-9.2144888,coastline
38.4310163,-9.2145313,coastline
38.4309893,-9.2145526,coastline
38.4309219,-9.2146504,coastline
38.4308812,-9.2146969,coastline
38.4308482,-9.2147263,coastline
38.4307682,-9.214766,coastline
38.4307397,-9.2147867,coastline
38.4306932,-9.2148353,coastline
38.4306569,-9.2148487,coastline
38.4306228,-9.214852,coastline
38.4305314,-9.2148448,coastline
38.4305045,-9.2148505,coastline
38.4304459,-9.2148744,coastline
38.4303268,-9.2149394,coastline
38.4302356,-9.2150036,coastline
38.4301272,-9.2151045,coastline
38.4300442,-9.2152015,coastline
38.4298173,-9.215527,coastline
38.4297686,-9.2155835,coastline
38.4294278,-9.215869,coastline
38.4293465,-9.2159694,coastline
38.4292855,-9.2160741,coastline
38.4291969,-9.2162721,coastline
38.4291632,-9.2163794,coastline
38.4291243,-9.2164701,coastline
38.4291075,-9.2164943,coastline
38.4290907,-9.2164989,coastline
38.429071,-9.2164959,coastline
38.4290534,-9.2164861,coastline
38.4290098,-9.2164432,coastline
38.4289921,-9.2164429,coastline
38.4289732,-9.2164549,coastline
38.4289216,-9.2165097,coastline
38.4288743,-9.2165757,coastline
38.4288427,-9.2166325,coastline
38.428807,-9.2167233,coastline
38.4287852,-9.2167632,coastline
38.428763,-9.2167881,coastline
38.428615,-9.2169037,coastline
38.4285956,-9.2169277,coastline
38.4285449,-9.2170175,coastline
38.4285104,-9.2170995,coastline
38.4284416,-9.2173418,coastline
38.4284256,-9.2173871,coastline
38.4283987,-9.2174286,coastline
38.4283777,-9.2174419,coastline
38.42836,-9.2174369,coastline
38.4283461,-9.2174203,coastline
38.4283167,-9.2173599,coastline
38.4282501,-9.2173194,coastline
38.4282249,-9.2173143,coastline
38.4282034,-9.2173227,coastline
38.4280892,-9.2175148,coastline
38.4280487,-9.2175463,coastline
38.4279949,-9.2175693,coastline
38.4279529,-9.2175754,coastline
38.4279187,-9.2175709,coastline
38.4278509,-9.217531,coastline
38.4278084,-9.2175199,coastline
38.4277462,-9.2175162,coastline
38.4276559,-9.2175393,coastline
38.4276046,-9.2175863,coastline
38.4275585,-9.2176448,coastline
38.4275181,-9.2177144,coastline
38.4274087,-9.2179789,coastline
38.4273924,-9.2180046,coastline
38.4273746,-9.2180159,coastline
38.4273375,-9.2180194,coastline
38.4272668,-9.2180122,coastline
38.4272481,-9.2180064,coastline
38.4272242,-9.2179762,coastline
38.4272228,-9.2179018,coastline
38.4272298,-9.2178447,coastline
38.4272909,-9.2176505,coastline
38.427311,-9.2175595,coastline
38.4273174,-9.2174948,coastline
38.4273114,-9.2174572,coastline
38.4272949,-9.217442,coastline
38.4272349,-9.2174254,coastline
38.4271113,-9.2174185,coastline
38.4270021,-9.2174059,coastline
38.4268183,-9.2173668,coastline
38.4267582,-9.2173707,coastline
38.4267221,-9.2173893,coastline
38.4266495,-9.2174645,coastline
38.4265917,-9.2175154,coastline
38.4264762,-9.2175934,coastline
38.426439,-9.2176342,coastline
38.4263022,-9.2178189,coastline
38.426279,-9.2178356,coastline
38.4262295,-9.2178511,coastline
38.4262057,-9.2178699,coastline
38.4260853,-9.218039,coastline
38.4260713,-9.2180402,coastline
38.4260234,-9.2180067,coastline
38.4259892,-9.2179967,coastline
38.4259248,-9.2180053,coastline
38.4258671,-9.2179853,coastline
38.4258438,-9.2179537,coastline
38.4258218,-9.2178988,coastline
38.4257954,-9.2177254,coastline
38.4257582,-9.2175803,coastline
38.4257421,-9.2175787,coastline
38.4257141,-9.2176028,coastline
38.4256477,-9.2177096,coastline
38.4256197,-9.2177173,coastline
38.4255529,-9.2176775,coastline
38.4253491,-9.2174618,coastline
38.4252501,-9.2173813,coastline
38.4247492,-9.2165654,coastline
38.4248083,-9.2163116,coastline
38.4246928,-9.2159241,coastline
38.4244751,-9.2158692,coastline
38.424373,-9.2154337,coastline
38.4241527,-9.2148987,coastline
38.4238357,-9.2147478,coastline
38.4234456,-9.2147511,coastline
38.4230944,-9.2148923,coastline
38.42277,-9.2155003,coastline
38.4223849,-9.2160372,coastline
38.4222129,-9.2174056,coastline
38.4220974,-9.2173644,coastline
38.4219497,-9.2177619,coastline
38.4218326,-9.217881,coastline
38.4217921,-9.2180478,coastline
38.4219,-9.2181193,coastline
38.4218574,-9.218417,coastline
38.4216459,-9.2183614,coastline
38.4215868,-9.2182622,coastline
38.421521,-9.2183208,coastline
38.4213846,-9.2183694,coastline
38.4210291,-9.2182613,coastline
38.4203161,-9.2181977,coastline
38.4200794,-9.2179691,coastline
38.4194865,-9.2177711,coastline
38.4190882,-9.2174844,coastline
38.4186798,-9.2174803,coastline
38.4184348,-9.2175317,coastline
38.4182204,-9.2177248,coastline
38.4619061,-9.19381,coastline
38.4612433,-9.1944975,coastline
38.4605662,-9.1948766,coastline
38.4603949,-9.1949725,coastline
38.4599475,-9.1954257,coastline
38.4591085,-9.1962756,coastline
38.4583376,-9.1964363,coastline
38.4581516,-9.1969351,coastline
38.4578022,-9.1975874,coastline
38.4570091,-9.1979307,coastline
38.4568183,-9.1986608,coastline
38.4562361,-9.1989349,coastline
38.4556648,-9.1989349,coastline
38.4553538,-9.1987247,coastline
38.4549952,-9.198551,coastline
38.4540916,-9.198748,coastline
38.4537362,-9.19894,coastline
38.4534333,-9.1991495,coastline
38.4099992,-9.1986563,cliff
38.4100184,-9.1986241,cliff
38.4100268,-9.1985832,cliff
38.4100118,-9.1985292,cliff
38.4099723,-9.198509,cliff
38.4099272,-9.1985302,cliff
38.4099075,-9.198622,cliff
38.4099391,-9.1986664,cliff
38.4099992,-9.1986563,cliff
38.507075,-9.1830333,coastline
38.5061301,-9.1831755,coastline
38.5053707,-9.1830044,coastline
38.5033053,-9.1831975,coastline
38.5006856,-9.1833692,coastline
38.4983624,-9.183551,coastline
38.4956438,-9.1837638,coastline
38.4933993,-9.1839395,coastline
38.4899617,-9.1843019,coastline
38.4894381,-9.1843571,coastline
38.4881628,-9.1846557,coastline
38.486991,-9.1849301,coastline
38.4848067,-9.1854415,coastline
38.4766768,-9.1875272,coastline
38.4721209,-9.189158,coastline
38.4706818,-9.1896766,coastline
38.4693964,-9.1903268,coastline
38.469095,-9.1905957,coastline
38.4685494,-9.1910825,coastline
38.4681091,-9.1914754,coastline
38.4672825,-9.1918016,coastline
38.4655403,-9.1924406,coastline
38.4639976,-9.1934166,coastline
38.4621778,-9.1937589,coastline
38.4619061,-9.19381,coastline
38.4128169,-9.2169784,coastline
38.4127571,-9.2164819,coastline
38.4126796,-9.2165642,coastline
38.412682,-9.2164195,coastline
38.4127608,-9.2163317,coastline
38.4127725,-9.2161823,coastline
38.412734,-9.2159823,coastline
38.4126936,-9.2160112,coastline
38.4126163,-9.2160315,coastline
38.4125709,-9.2160024,coastline
38.4125946,-9.2159208,coastline
38.4126675,-9.2158758,coastline
38.4126865,-9.2158118,coastline
38.4127112,-9.2157386,coastline
38.4127231,-9.2155867,coastline
38.4126708,-9.2156228,coastline
38.4125089,-9.2156789,coastline
38.4124497,-9.215614,coastline
38.4124014,-9.2155386,coastline
38.412434,-9.2154606,coastline
38.4125228,-9.2153959,coastline
38.412542,-9.2153334,coastline
38.4126636,-9.2152206,coastline
38.4126134,-9.2148048,coastline
38.4124845,-9.2147283,coastline
38.4124309,-9.2146151,coastline
38.4124345,-9.2144612,coastline
38.4124541,-9.2143422,coastline
38.4125411,-9.2142816,coastline
38.4125102,-9.2141933,coastline
38.412444,-9.2141531,coastline
38.4123686,-9.2140034,coastline
38.412265,-9.2138226,coastline
38.4122118,-9.2136683,coastline
38.4122277,-9.2135612,coastline
38.4122879,-9.2134704,coastline
38.4124204,-9.2132498,coastline
38.4124466,-9.2131747,coastline
38.4124487,-9.2130688,coastline
38.4124671,-9.2130198,coastline
38.4125002,-9.2130037,coastline
38.4125701,-9.2128891,coastline
38.4125389,-9.2128216,coastline
38.4124225,-9.2124264,coastline
38.4122228,-9.2124157,coastline
38.4122186,-9.2122293,coastline
38.4123079,-9.2122239,coastline
38.4123247,-9.2123459,coastline
38.4124088,-9.2123111,coastline
38.4124382,-9.2122091,coastline
38.4123993,-9.2119811,coastline
38.4122231,-9.2118356,coastline
38.4120253,-9.2118727,coastline
38.4120436,-9.211778,coastline
38.4120825,-9.211723,coastline
38.4121085,-9.2115742,coastline
38.4120395,-9.2112511,coastline
38.4119328,-9.2110755,coastline
38.4119732,-9.2108703,coastline
38.4120042,-9.2108312,coastline
38.4120426,-9.2108144,coastline
38.412128,-9.2108414,coastline
38.4120909,-9.2107674,coastline
38.4120439,-9.2107086,coastline
38.4119491,-9.2106816,coastline
38.4118356,-9.2107286,coastline
38.411792,-9.2106997,coastline
38.4117072,-9.2106858,coastline
38.4117315,-9.2105696,coastline
38.4119216,-9.2104486,coastline
38.4119112,-9.2103289,coastline
38.4118877,-9.2102245,coastline
38.4118235,-9.2101841,coastline
38.4117709,-9.2102256,coastline
38.4117228,-9.2102161,coastline
38.4117554,-9.2101623,coastline
38.4117751,-9.2101082,coastline
38.4118646,-9.210114,coastline
38.4118613,-9.2100158,coastline
38.4118361,-9.2099098,coastline
38.4118227,-9.2098963,coastline
38.4117109,-9.2098048,coastline
38.4117084,-9.2096255,coastline
38.4117846,-9.2096081,coastline
38.4118256,-9.2095853,coastline
38.4118366,-9.2095457,coastline
38.4118014,-9.209486,coastline
38.411742,-9.2094398,coastline
38.4116786,-9.2093813,coastline
38.4117079,-9.2093063,coastline
38.41171,-9.2092305,coastline
38.4117932,-9.2091865,coastline
38.4117825,-9.2091038,coastline
38.411804,-9.2090911,coastline
38.4117783,-9.2089737,coastline
38.4117206,-9.2088881,coastline
38.4115965,-9.2088135,coastline
38.4115886,-9.2087954,coastline
38.4116054,-9.2087873,coastline
38.4117137,-9.2088456,coastline
38.4116199,-9.2085396,coastline
38.411503,-9.2085439,coastline
38.4114136,-9.2085156,coastline
38.411401,-9.208454,coastline
38.4114951,-9.2084232,coastline
38.4113821,-9.2083736,coastline
38.4113632,-9.208312,coastline
38.4113991,-9.2082815,coastline
38.4113748,-9.2082368,coastline
38.4114699,-9.2081396,coastline
38.4115014,-9.2080229,coastline
38.41146,-9.207873,coastline
38.4114502,-9.2077885,coastline
38.4113601,-9.2076682,coastline
38.4113826,-9.2074952,coastline
38.411351,-9.2072732,coastline
38.4113317,-9.2070573,coastline
38.4113128,-9.2069493,coastline
38.4112607,-9.2068876,coastline
38.4112487,-9.2067763,coastline
38.4111909,-9.2066623,coastline
38.4111749,-9.206537,coastline
38.4110217,-9.2065513,coastline
38.4109891,-9.206425,coastline
38.4109576,-9.2064196,coastline
38.4109655,-9.2063887,coastline
38.4110164,-9.2063431,coastline
38.4110501,-9.206268,coastline
38.4110401,-9.2062084,coastline
38.4110191,-9.2061742,coastline
38.4109723,-9.2061594,coastline
38.4109476,-9.2060716,coastline
38.4110343,-9.2059187,coastline
38.4110564,-9.2058523,coastline
38.4110747,-9.2058141,coastline
38.411007,-9.2057933,coastline
38.4109528,-9.205853,coastline
38.4108814,-9.2058469,coastline
38.4108803,-9.2057631,coastline
38.4109303,-9.2056806,coastline
38.4109486,-9.2056257,coastline
38.4109439,-9.2055358,coastline
38.4109176,-9.2054929,coastline
38.4108551,-9.205564,coastline
38.4108446,-9.2055472,coastline
38.4108598,-9.2054768,coastline
38.4109224,-9.205397,coastline
38.4109218,-9.205222,coastline
38.4107406,-9.2053145,coastline
38.4106585,-9.2053285,coastline
38.4107574,-9.2052059,coastline
38.4109521,-9.2050699,coastline
38.4108798,-9.2048324,coastline
38.4107947,-9.2046024,coastline
38.4106655,-9.2044964,coastline
38.4105872,-9.2043342,coastline
38.4104547,-9.204192,coastline
38.4104148,-9.2042121,coastline
38.4103641,-9.2042151,coastline
38.4103386,-9.2042403,coastline
38.4103066,-9.2042467,coastline
38.4103342,-9.2041568,coastline
38.4103444,-9.2041089,coastline
38.4102735,-9.2039258,coastline
38.4102401,-9.2037055,coastline
38.4102302,-9.2036222,coastline
38.4101032,-9.2033433,coastline
38.4100465,-9.203319,coastline
38.4100023,-9.2032492,coastline
38.4099897,-9.2032197,coastline
38.4099256,-9.2031594,coastline
38.4098413,-9.2031515,coastline
38.4098121,-9.2031272,coastline
38.4096494,-9.2031669,coastline
38.40962,-9.203092,coastline
38.409657,-9.2030209,coastline
38.4096839,-9.2030145,coastline
38.4097354,-9.2029515,coastline
38.4098171,-9.2029446,coastline
38.4099178,-9.2028535,coastline
38.4100372,-9.2028116,coastline
38.4100554,-9.2027429,coastline
38.4100443,-9.2026817,coastline
38.4099729,-9.2026111,coastline
38.4098966,-9.2024965,coastline
38.409874,-9.2023542,coastline
38.4097924,-9.2023006,coastline
38.409743,-9.2022676,coastline
38.4097547,-9.2021189,coastline
38.409755,-9.2020758,coastline
38.4098547,-9.2020144,coastline
38.4097792,-9.201896,coastline
38.40973,-9.2016464,coastline
38.4097571,-9.2016543,coastline
38.4097717,-9.2014638,coastline
38.4098008,-9.2014369,coastline
38.4098205,-9.2013469,coastline
38.4099182,-9.2012921,coastline
38.4098953,-9.2011849,coastline
38.4097516,-9.2011057,coastline
38.409712,-9.2010783,coastline
38.4095421,-9.2006353,coastline
38.4095901,-9.2005186,coastline
38.4095364,-9.2003429,coastline
38.4093485,-9.2003271,coastline
38.4093072,-9.200297,coastline
38.4093356,-9.2002156,coastline
38.4093774,-9.2001233,coastline
38.4094281,-9.200028,coastline
38.4094501,-9.1998134,coastline
38.4094401,-9.1997945,coastline
38.4093914,-9.1997913,coastline
38.4092855,-9.1997736,coastline
38.4093009,-9.1996423,coastline
38.4093126,-9.1995833,coastline
38.4092867,-9.1994827,coastline
38.4092941,-9.1994425,coastline
38.4092634,-9.1993236,coastline
38.4093074,-9.1991853,coastline
38.4093194,-9.1990712,coastline
38.4093241,-9.1989551,coastline
38.4092763,-9.1989394,coastline
38.4092308,-9.1988295,coastline
38.4092494,-9.1986826,coastline
38.4093393,-9.1984639,coastline
38.4092235,-9.19843,coastline
38.409158,-9.1983709,coastline
38.4090671,-9.1983879,coastline
38.4090881,-9.1983099,coastline
38.4092074,-9.1981429,coastline
38.409299,-9.1980923,coastline
38.4093096,-9.1980951,coastline
38.4093418,-9.1980694,coastline
38.4093755,-9.1980776,coastline
38.4093926,-9.1980955,coastline
38.4094283,-9.1982145,coastline
38.4094587,-9.1982418,coastline
38.4094927,-9.1982348,coastline
38.4095564,-9.1982779,coastline
38.4095696,-9.1983204,coastline
38.409603,-9.1983468,coastline
38.4096887,-9.1983732,coastline
38.4097223,-9.1983669,coastline
38.4097018,-9.1983314,coastline
38.4096055,-9.1982218,coastline
38.4095235,-9.1981484,coastline
38.4094924,-9.1980979,coastline
38.4094759,-9.1980572,coastline
38.409457,-9.1980292,coastline
38.4094193,-9.1979751,coastline
38.4094156,-9.1979227,coastline
38.4094524,-9.1978539,coastline
38.4549952,-9.198551,beach
38.45465,-9.1984717,beach
38.454345,-9.1983571,beach
38.4538829,-9.1983249,beach
38.4535531,-9.1984586,beach
38.45332,-9.1988184,beach
38.4534333,-9.1991495,beach
38.4540916,-9.198748,beach
38.4549952,-9.198551,beach
38.4510051,-9.2013154,beach
38.4509547,-9.2012618,beach
38.4509317,-9.2011643,beach
38.4509862,-9.2010445,beach
38.4510849,-9.2009909,beach
38.4511229,-9.2010677,beach
38.4511522,-9.2011545,beach
38.4513832,-9.2013724,beach
38.4512574,-9.2013911,beach
38.4511408,-9.2014657,beach
38.4511014,-9.2015269,beach
38.4510051,-9.2013154,beach
38.4630897,-9.1926185,beach
38.4633806,-9.1926118,beach
38.4638583,-9.1924592,beach
38.4638678,-9.1924562,beach
38.4642257,-9.1923071,beach
38.4644159,-9.1921088,beach
38.4645923,-9.1921276,beach
38.4649451,-9.1920069,beach
38.4652035,-9.1919627,beach
38.4652392,-9.1918835,beach
38.4655395,-9.1917413,beach
38.4657285,-9.1916126,beach
38.465928,-9.1914972,beach
38.466203,-9.1914263,beach
38.4662976,-9.1913685,beach
38.4667785,-9.1912505,beach
38.4668835,-9.1912022,beach
38.4670704,-9.1911539,beach
38.4672562,-9.1911806,beach
38.4673423,-9.1913093,beach
38.4677545,-9.1912619,beach
38.4679767,-9.1911183,beach
38.4684006,-9.1907677,beach
38.4685494,-9.1910825,beach
38.4681091,-9.1914754,beach
38.4672825,-9.1918016,beach
38.4655403,-9.1924406,beach
38.4639976,-9.1934166,beach
38.4621778,-9.1937589,beach
38.4625914,-9.1930978,beach
38.4627919,-9.1927017,beach
38.4630897,-9.1926185,beach
38.4868781,-9.1837018,beach
38.4863481,-9.1840348,beach
38.4860625,-9.1839919,beach
38.485677,-9.1842054,beach
38.484938,-9.18442,beach
38.4843501,-9.1846989,beach
38.4838622,-9.1848931,beach
38.4832911,-9.1848716,beach
38.4822337,-9.1852353,beach
38.480318,-9.1856656,beach
38.4795797,-9.185922,beach
38.4789078,-9.1861366,beach
38.4788623,-9.1862089,beach
38.4787276,-9.1863186,beach
38.478589,-9.1863239,beach
38.4782183,-9.1864166,beach
38.4776975,-9.1865453,beach
38.4774089,-9.1867102,beach
38.4770592,-9.1867385,beach
38.4768895,-9.1867385,beach
38.4767064,-9.1867385,beach
38.4765888,-9.1868457,beach
38.4765333,-9.1869542,beach
38.4764209,-9.1870014,beach
38.4763191,-9.1869757,beach
38.4762162,-9.1868577,beach
38.4760177,-9.1868457,beach
38.4756817,-9.1868672,beach
38.4753319,-9.1870109,beach
38.4749426,-9.1872964,beach
38.4743555,-9.1875742,beach
38.4739523,-9.1877244,beach
38.4730275,-9.187747,beach
38.4727816,-9.1878037,beach
38.472474,-9.1878746,beach
38.4717843,-9.1881117,beach
38.4713811,-9.188219,beach
38.4709108,-9.188498,beach
38.4703732,-9.1888198,beach
38.4700698,-9.1892691,beach
38.4697758,-9.1894849,beach
38.4694618,-9.1895065,beach
38.4692372,-9.1896901,beach
38.4689851,-9.1897921,beach
38.4688152,-9.1902171,beach
38.4686985,-9.1905712,beach
38.4684006,-9.1907677,beach
38.4685494,-9.1910825,beach
38.469095,-9.1905957,beach
38.4693964,-9.1903268,beach
38.4706818,-9.1896766,beach
38.4721209,-9.189158,beach
38.4766768,-9.1875272,beach
38.4848067,-9.1854415,beach
38.486991,-9.1849301,beach
38.4868781,-9.1837018,beach
38.4240833,-9.2148034,beach
38.4238256,-9.214415,beach
38.4234527,-9.2143876,beach
38.4233725,-9.214493,beach
38.4230973,-9.2148549,beach
38.4240833,-9.2148034,beach
38.4605662,-9.1948766,beach
38.4605394,-9.1948279,beach
38.4604505,-9.1948323,beach
38.4599581,-9.1952186,beach
38.4599475,-9.1954257,beach
38.4603949,-9.1949725,beach
38.4605662,-9.1948766,beach
38.4093151,-9.1963944,coastline
38.4093535,-9.1962932,coastline
38.4093946,-9.1962979,coastline
38.4094007,-9.196331,coastline
38.4093553,-9.1964412,coastline
38.4093371,-9.1964466,coastline
38.4093151,-9.1963944,coastline
38.4136678,-9.1890105,coastline
38.4136879,-9.1889846,coastline
38.4137598,-9.1889444,coastline
38.4137934,-9.188957,coastline
38.4137998,-9.189059,coastline
38.4137682,-9.1891271,coastline
38.4137038,-9.1891323,coastline
38.41367,-9.1890599,coastline
38.4136678,-9.1890105,coastline
38.4098796,-9.1985028,cliff
38.4098664,-9.1983871,cliff
38.409807,-9.1982972,cliff
38.4097608,-9.1982476,cliff
38.4096883,-9.1982087,cliff
38.4096357,-9.1982154,cliff
38.4096059,-9.1982206,cliff
38.4095767,-9.1982454,cliff
38.4095564,-9.198277,cliff
38.4095453,-9.1983321,cliff
38.4095695,-9.1983469,cliff
38.4096073,-9.1984072,cliff
38.409683,-9.1984729,cliff
38.409794,-9.198558,cliff
38.4098275,-9.1986057,cliff
38.4310163,-9.2145313,cliff
38.4309893,-9.2145526,cliff
38.4309219,-9.2146504,cliff
38.4308812,-9.2146969,cliff
38.4308482,-9.2147263,cliff
38.4307682,-9.214766,cliff
38.4307397,-9.2147867,cliff
38.4306932,-9.2148353,cliff
38.4306569,-9.2148487,cliff
38.4306228,-9.214852,cliff
38.4305314,-9.2148448,cliff
38.4305045,-9.2148505,cliff
38.4304459,-9.2148744,cliff
38.4303268,-9.2149394,cliff
38.4302356,-9.2150036,cliff
38.4301272,-9.2151045,cliff
38.4300442,-9.2152015,cliff
38.4298173,-9.215527,cliff
38.4297686,-9.2155835,cliff
38.4294278,-9.215869,cliff
38.4293465,-9.2159694,cliff
38.4292855,-9.2160741,cliff
38.4291969,-9.2162721,cliff
38.4291632,-9.2163794,cliff
38.4291243,-9.2164701,cliff
38.4291075,-9.2164943,cliff
38.4290907,-9.2164989,cliff
38.429071,-9.2164959,cliff
38.4290534,-9.2164861,cliff
38.4290098,-9.2164432,cliff
38.4289921,-9.2164429,cliff
38.4289732,-9.2164549,cliff
38.4289216,-9.2165097,cliff
38.4288743,-9.2165757,cliff
38.4288427,-9.2166325,cliff
38.428807,-9.2167233,cliff
38.4287852,-9.2167632,cliff
38.428763,-9.2167881,cliff
38.428615,-9.2169037,cliff
38.4285956,-9.2169277,cliff
38.4285449,-9.2170175,cliff
38.4285104,-9.2170995,cliff
38.4284416,-9.2173418,cliff
38.4284256,-9.2173871,cliff
38.4283987,-9.2174286,cliff
38.4283777,-9.2174419,cliff
38.42836,-9.2174369,cliff
38.4283461,-9.2174203,cliff
38.4283167,-9.2173599,cliff
38.4282501,-9.2173194,cliff
38.4282249,-9.2173143,cliff
38.4282034,-9.2173227,cliff
38.4280892,-9.2175148,cliff
38.4280487,-9.2175463,cliff
38.4279949,-9.2175693,cliff
38.4279529,-9.2175754,cliff
38.4279187,-9.2175709,cliff
38.4278509,-9.217531,cliff
38.4278084,-9.2175199,cliff
38.4277462,-9.2175162,cliff
38.4276559,-9.2175393,cliff
38.4276046,-9.2175863,cliff
38.4275585,-9.2176448,cliff
38.4275181,-9.2177144,cliff
38.4274087,-9.2179789,cliff
38.4273924,-9.2180046,cliff
38.4273746,-9.2180159,cliff
38.4273375,-9.2180194,cliff
38.4272668,-9.2180122,cliff
38.4272481,-9.2180064,cliff
38.4272242,-9.2179762,cliff
38.4272228,-9.2179018,cliff
38.4272298,-9.2178447,cliff
38.4272909,-9.2176505,cliff
38.427311,-9.2175595,cliff
38.4273174,-9.2174948,cliff
38.4273114,-9.2174572,cliff
38.4272949,-9.217442,cliff
38.4272349,-9.2174254,cliff
38.4271113,-9.2174185,cliff
38.4270021,-9.2174059,cliff
38.4268183,-9.2173668,cliff
38.4267582,-9.2173707,cliff
38.4267221,-9.2173893,cliff
38.4266495,-9.2174645,cliff
38.4265917,-9.2175154,cliff
38.4264762,-9.2175934,cliff
38.426439,-9.2176342,cliff
38.4263022,-9.2178189,cliff
38.426279,-9.2178356,cliff
38.4262295,-9.2178511,cliff
38.4262057,-9.2178699,cliff
38.4260853,-9.218039,cliff
38.4260713,-9.2180402,cliff
38.4260234,-9.2180067,cliff
38.4259892,-9.2179967,cliff
38.4259248,-9.2180053,cliff
38.4258671,-9.2179853,cliff
38.4258438,-9.2179537,cliff
38.4258218,-9.2178988,cliff
38.4257954,-9.2177254,cliff
38.4257582,-9.2175803,cliff
38.4257421,-9.2175787,cliff
38.4257141,-9.2176028,cliff
38.4256477,-9.2177096,cliff
38.4256197,-9.2177173,cliff
38.4255529,-9.2176775,cliff
38.4253491,-9.2174618,cliff
38.4252501,-9.2173813,cliff
38.4250928,-9.2171574,cliff
38.4249801,-9.2169404,cliff
38.424936,-9.2168334,cliff
38.4248887,-9.2167401,cliff
38.4247822,-9.2165948,cliff
38.4245515,-9.2162615,cliff
38.4244381,-9.2160064,cliff
38.4244332,-9.215952,cliff
38.4244446,-9.2158757,cliff
38.424443,-9.2158117,cliff
38.4244132,-9.2156791,cliff
38.4243327,-9.215449,cliff
38.4241766,-9.2150867,cliff
38.424129,-9.2150063,cliff
38.4239499,-9.2148152,cliff
38.4672562,-9.1911806,cliff
38.4669677,-9.1907403,cliff
38.4663751,-9.190928,cliff
38.4658523,-9.191078,cliff
38.4651588,-9.1914834,cliff
38.464664,-9.1916125,cliff
38.4643229,-9.1909905,cliff
38.4638891,-9.1905148,cliff
38.4638912,-9.1908313,cliff
38.4640802,-9.1912712,cliff
38.4640656,-9.1915363,cliff
38.4639197,-9.1923034,cliff
38.4636992,-9.1921907,cliff
38.4631164,-9.1922229,cliff
38.4627919,-9.1927017,cliff
38.4624465,-9.1931275,cliff
38.4621138,-9.1932744,cliff
38.4619468,-9.1933025,cliff
38.4616696,-9.1935198,cliff
38.4613923,-9.1938202,cliff
38.4611771,-9.1941139,cliff
38.4606394,-9.1946597,cliff
38.4602634,-9.1948032,cliff
38.4599925,-9.1950017,cliff
38.4597856,-9.1954107,cliff
38.4596103,-9.1954469,cliff
38.4594989,-9.1955851,cliff
38.4594527,-9.1955059,cliff
38.4593866,-9.1955475,cliff
38.4592595,-9.1956669,cliff
38.4592175,-9.1959043,cliff
38.4591566,-9.1960263,cliff
38.4589539,-9.1961765,cliff
38.4585538,-9.1962167,cliff
38.4584141,-9.1962369,cliff
38.4582766,-9.1964394,cliff
38.4581883,-9.1966781,cliff
38.4580539,-9.1969718,cliff
38.4578985,-9.1971568,cliff
38.4576906,-9.1972843,cliff
38.4573577,-9.197413,cliff
38.4571308,-9.1976477,cliff
38.456947,-9.1978381,cliff
38.4568336,-9.1980205,cliff
38.4566698,-9.1982512,cliff
38.4564713,-9.1984363,cliff
38.4562623,-9.1985315,cliff
38.4560712,-9.1985208,cliff
38.4558244,-9.1985114,cliff
38.4556038,-9.1983773,cliff
38.4552489,-9.1981278,cliff
38.4548876,-9.1979722,cliff
38.4545746,-9.1979427,cliff
38.454165,-9.1978837,cliff
38.4538363,-9.1979132,cliff
38.4536021,-9.1980259,cliff
38.4532786,-9.1982324,cliff
38.453078,-9.198498,cliff
38.453014,-9.1987045,cliff
38.4530014,-9.1988761,cliff
38.4531075,-9.1988547,cliff
38.4530161,-9.1991578,cliff
38.45292,-9.1991934,cliff
38.4527931,-9.1991165,cliff
38.4526712,-9.1989851,cliff
38.4525788,-9.1986793,cliff
38.452499,-9.198505,cliff
38.4436241,-9.2040628,wood
38.4432375,-9.2040896,wood
38.4427123,-9.203918,wood
38.4420821,-9.2036712,wood
38.4416241,-9.2034835,wood
38.4411956,-9.2041272,wood
38.4416829,-9.2045188,wood
38.4418552,-9.2050499,wood
38.4424056,-9.2048192,wood
38.4427249,-9.2049855,wood
38.4430947,-9.2047816,wood
38.44333,-9.2046851,wood
38.4435989,-9.2045188,wood
38.4436703,-9.2042881,wood
38.4436241,-9.2040628,wood
38.45332,-9.1988184,bare_rock
38.4531075,-9.1988547,bare_rock
38.4530014,-9.1988761,bare_rock
38.453014,-9.1987045,bare_rock
38.453078,-9.198498,bare_rock
38.4532786,-9.1982324,bare_rock
38.4536021,-9.1980259,bare_rock
38.4538363,-9.1979132,bare_rock
38.454165,-9.1978837,bare_rock
38.4545746,-9.1979427,bare_rock
38.4548876,-9.1979722,bare_rock
38.4552489,-9.1981278,bare_rock
38.4556038,-9.1983773,bare_rock
38.4558244,-9.1985114,bare_rock
38.4560712,-9.1985208,bare_rock
38.4562623,-9.1985315,bare_rock
38.4564713,-9.1984363,bare_rock
38.4566698,-9.1982512,bare_rock
38.4568336,-9.1980205,bare_rock
38.456947,-9.1978381,bare_rock
38.4571308,-9.1976477,bare_rock
38.4573577,-9.197413,bare_rock
38.4576906,-9.1972843,bare_rock
38.4578985,-9.1971568,bare_rock
38.4580539,-9.1969718,bare_rock
38.4581883,-9.1966781,bare_rock
38.4582766,-9.1964394,bare_rock
38.4584141,-9.1962369,bare_rock
38.4585538,-9.1962167,bare_rock
38.4589539,-9.1961765,bare_rock
38.4591566,-9.1960263,bare_rock
38.4592175,-9.1959043,bare_rock
38.4592595,-9.1956669,bare_rock
38.4593866,-9.1955475,bare_rock
38.4594527,-9.1955059,bare_rock
38.4594989,-9.1955851,bare_rock
38.4596103,-9.1954469,bare_rock
38.4597856,-9.1954107,bare_rock
38.4599925,-9.1950017,bare_rock
38.4602634,-9.1948032,bare_rock
38.4606394,-9.1946597,bare_rock
38.4611771,-9.1941139,bare_rock
38.4613923,-9.1938202,bare_rock
38.4616696,-9.1935198,bare_rock
38.4619468,-9.1933025,bare_rock
38.4621138,-9.1932744,bare_rock
38.4624465,-9.1931275,bare_rock
38.4627919,-9.1927017,bare_rock
38.4625914,-9.1930978,bare_rock
38.4621778,-9.1937589,bare_rock
38.4619061,-9.19381,bare_rock
38.4612433,-9.1944975,bare_rock
38.4605662,-9.1948766,bare_rock
38.4605394,-9.1948279,bare_rock
38.4604505,-9.1948323,bare_rock
38.4599581,-9.1952186,bare_rock
38.4599475,-9.1954257,bare_rock
38.4591085,-9.1962756,bare_rock
38.4583376,-9.1964363,bare_rock
38.4581516,-9.1969351,bare_rock
38.4578022,-9.1975874,bare_rock
38.4570091,-9.1979307,bare_rock
38.4568183,-9.1986608,bare_rock
38.4562361,-9.1989349,bare_rock
38.4556648,-9.1989349,bare_rock
38.4553538,-9.1987247,bare_rock
38.4549952,-9.198551,bare_rock
38.45465,-9.1984717,bare_rock
38.454345,-9.1983571,bare_rock
38.4538829,-9.1983249,bare_rock
38.4535531,-9.1984586,bare_rock
38.45332,-9.1988184,bare_rock
38.4630922,-9.1926185,bare_rock
38.4633806,-9.1926118,bare_rock
38.4638583,-9.1924592,bare_rock
38.4638678,-9.1924562,bare_rock
38.4642257,-9.1923071,bare_rock
38.4644159,-9.1921088,bare_rock
38.4645923,-9.1921276,bare_rock
38.4649451,-9.1920069,bare_rock
38.4652035,-9.1919627,bare_rock
38.4652392,-9.1918835,bare_rock
38.4655395,-9.1917413,bare_rock
38.4657285,-9.1916126,bare_rock
38.465928,-9.1914972,bare_rock
38.466203,-9.1914263,bare_rock
38.4662976,-9.1913685,bare_rock
38.4667785,-9.1912505,bare_rock
38.4668835,-9.1912022,bare_rock
38.4670704,-9.1911539,bare_rock
38.4672562,-9.1911806,bare_rock
38.4669677,-9.1907403,bare_rock
38.4663751,-9.190928,bare_rock
38.4658523,-9.191078,bare_rock
38.4651588,-9.1914834,bare_rock
38.464664,-9.1916125,bare_rock
38.4643229,-9.1909905,bare_rock
38.4638891,-9.1905148,bare_rock
38.4638912,-9.1908313,bare_rock
38.4640802,-9.1912712,bare_rock
38.4640656,-9.1915363,bare_rock
38.4639197,-9.1923034,bare_rock
38.4636992,-9.1921907,bare_rock
38.4631164,-9.1922229,bare_rock
38.4631432,-9.1923797,bare_rock
38.4631264,-9.1925245,bare_rock
38.4630922,-9.1926185,bare_rock
38.4141729,-9.2196362,cliff
38.414217,-9.2199769,cliff
38.4143187,-9.2205803,cliff
38.414222,-9.2209049,cliff
38.4141574,-9.2209914,cliff
38.4140449,-9.2209967,cliff
38.4140475,-9.2210832,cliff
38.4139958,-9.2211035,cliff
38.4169031,-9.2173147,cliff
38.4169094,-9.2173281,cliff
38.4169241,-9.2173389,cliff
38.4169473,-9.2173389,cliff
38.4169515,-9.2173844,cliff
38.4169578,-9.2174193,cliff
38.4169599,-9.217473,cliff
38.4169599,-9.2175159,cliff
38.4169662,-9.2175481,cliff
38.4169767,-9.2175776,cliff
38.4169767,-9.2176178,cliff
38.4169683,-9.2176473,cliff
38.4169704,-9.2176929,cliff
38.4169725,-9.2177278,cliff
38.4169788,-9.2177546,cliff
38.4169851,-9.2177734,cliff
38.4169956,-9.2178002,cliff
38.417004,-9.2178377,cliff
38.4170082,-9.2179692,cliff
38.4170082,-9.2179987,cliff
38.4170229,-9.2180416,cliff
38.4170292,-9.2180604,cliff
38.4170313,-9.2180791,cliff
38.4170355,-9.218106,cliff
38.417025,-9.2181301,cliff
38.4170334,-9.2181542,cliff
38.4170332,-9.2181934,cliff
38.4170124,-9.218224,cliff
38.4169998,-9.2182562,cliff
38.4169872,-9.2182857,cliff
38.4169809,-9.2183259,cliff
38.4169746,-9.2183742,cliff
38.4169746,-9.2184171,cliff
38.4169767,-9.2184547,cliff
38.4169662,-9.2184895,cliff
38.4169641,-9.2185324,cliff
38.4169683,-9.2185539,cliff
38.4169704,-9.2186049,cliff
38.423113,-9.2129912,cliff
38.4229008,-9.2128356,cliff
38.4227053,-9.2126077,cliff
38.422657,-9.2127525,cliff
38.4228104,-9.2130234,cliff
38.4229155,-9.2132165,cliff
38.4228672,-9.213348,cliff
38.4227074,-9.213187,cliff
38.4225372,-9.213187,cliff
38.4226066,-9.2134311,cliff
38.4227621,-9.2135706,cliff
38.4228777,-9.2137476,cliff
38.4228062,-9.2138924,cliff
38.4226192,-9.2137127,cliff
38.4225477,-9.2137986,cliff
38.4227474,-9.214335,cliff
38.4224952,-9.2144718,cliff
38.4221443,-9.2145201,cliff
38.421848,-9.2145818,cliff
38.4217219,-9.2148661,cliff
38.4217618,-9.2150538,cliff
38.4218858,-9.2153918,cliff
38.4218459,-9.2154642,cliff
38.4216441,-9.2153301,cliff
38.4215853,-9.2156091,cliff
38.4215979,-9.2160141,cliff
38.4215244,-9.2163762,cliff
38.4214739,-9.2170709,cliff
38.4209444,-9.2169689,cliff
38.4208855,-9.2169448,cliff
38.420789,-9.216995,cliff
38.420718,-9.21712,cliff
38.4206772,-9.2171685,cliff
38.4199754,-9.2168278,cliff
38.4198976,-9.2166535,cliff
38.4198136,-9.216447,cliff
38.4197184,-9.2162731,cliff
38.4196223,-9.216396,cliff
38.4193596,-9.2163692,cliff
38.4191663,-9.2163719,cliff
38.4186253,-9.216229,cliff
38.4182459,-9.2161707,cliff
38.418,-9.2161761,cliff
38.4177396,-9.2162106,cliff
38.4177074,-9.2165975,cliff
38.4235772,-9.2086632,cliff
38.4234952,-9.2089985,cliff
38.4234406,-9.2094249,cliff
38.4233967,-9.2097726,cliff
38.4233925,-9.2101776,cliff
38.4235078,-9.2110477,cliff
38.4234889,-9.2115546,cliff
38.4234133,-9.2121152,cliff
38.4232746,-9.2125578,cliff
38.4232956,-9.2129118,cliff
38.4234154,-9.2134939,cliff
38.4235141,-9.2140169,cliff
38.4235246,-9.2140759,cliff
38.4259537,-9.2175789,cliff
38.4258823,-9.2172999,cliff
38.4257247,-9.2169995,cliff
38.4257982,-9.2167662,cliff
38.425731,-9.2164899,cliff
38.4255881,-9.2163504,cliff
38.4254852,-9.2161063,cliff
38.4254074,-9.2158462,cliff
38.4252057,-9.2151488,cliff
38.4250271,-9.2144165,cliff
38.4249031,-9.213864,cliff
38.4248716,-9.2136548,cliff
38.424756,-9.2139606,cliff
38.4246257,-9.2140115,cliff
38.4244408,-9.2139364,cliff
38.4242391,-9.2137218,cliff
38.4241676,-9.2133946,cliff
38.4240878,-9.2131693,cliff
38.4241605,-9.2127324,cliff
38.4240229,-9.2126375,cliff
38.4239378,-9.2123944,cliff
38.4239084,-9.2117641,cliff
38.4239882,-9.2112921,cliff
38.4237277,-9.2100394,cliff
38.423694,-9.2090631,cliff
38.4237666,-9.2086545,cliff
38.4265232,-9.2173777,cliff
38.4262794,-9.2174152,cliff
38.4261723,-9.2174769,cliff
38.4260672,-9.2175762,cliff
38.4259853,-9.217603,cliff
38.4266766,-9.2170907,cliff
38.4263887,-9.2172409,cliff
38.4261576,-9.2173643,cliff
38.4259853,-9.2173723,cliff
38.4277356,-9.216691,cliff
38.427412,-9.2165972,cliff
38.4270674,-9.2165382,cliff
38.4262984,-9.2160339,cliff
38.4259811,-9.2158918,cliff
38.4256154,-9.2157871,cliff
38.4295573,-9.2151971,cliff
38.4293661,-9.2154733,cliff
38.4292043,-9.2158086,cliff
38.4290173,-9.2160446,cliff
38.428824,-9.2160044,cliff
38.4287337,-9.2161385,cliff
38.4286307,-9.216168,cliff
38.428595,-9.216286,cliff
38.4283513,-9.216345,cliff
38.4283197,-9.2166133,cliff
38.4281033,-9.216683,cliff
38.4278827,-9.216742,cliff
38.4276684,-9.216447,cliff
38.427641,-9.2163558,cliff
38.4341377,-9.2118658,cliff
38.4337995,-9.2122815,cliff
38.433457,-9.212429,cliff
38.4332238,-9.212649,cliff
38.4331965,-9.2126007,cliff
38.4329675,-9.2127992,cliff
38.4326418,-9.2128635,cliff
38.4322657,-9.2131747,cliff
38.4319905,-9.2135475,cliff
38.4316963,-9.2136789,cliff
38.4315345,-9.213923,cliff
38.4313349,-9.2139284,cliff
38.4309966,-9.2138613,cliff
38.4307319,-9.2139927,cliff
38.4303852,-9.2141617,cliff
38.4300805,-9.2143924,cliff
38.429799,-9.2146016,cliff
38.4297065,-9.2145131,cliff
38.4296603,-9.2146231,cliff
38.4294523,-9.2146231,cliff
38.4293871,-9.214725,cliff
38.4342197,-9.2118014,cliff
38.4340936,-9.211568,cliff
38.4340086,-9.21121,cliff
38.4338604,-9.2109082,cliff
38.4335999,-9.2106588,cliff
38.433373,-9.2102993,cliff
38.4332049,-9.2102618,cliff
38.4331103,-9.210404,cliff
38.4374224,-9.208408,cliff
38.4372556,-9.20869,cliff
38.4369174,-9.2090119,cliff
38.4365812,-9.2094974,cliff
38.4361883,-9.2097763,cliff
38.4358017,-9.2100472,cliff
38.4355706,-9.2102967,cliff
38.4349424,-9.2104442,cliff
38.4347134,-9.2107285,cliff
38.4345516,-9.2109297,cliff
38.4344109,-9.2116539,cliff
38.4528537,-9.1994089,cliff
38.4529147,-9.1995537,cliff
38.4528411,-9.1998649,cliff
38.4527529,-9.2000955,cliff
38.4526605,-9.2003718,cliff
38.4525912,-9.2005193,cliff
38.4525093,-9.2007339,cliff
38.4523874,-9.2009914,cliff
38.4523076,-9.2011309,cliff
38.4521942,-9.2012516,cliff
38.4520682,-9.2014205,cliff
38.4519778,-9.2015117,cliff
38.4518749,-9.2013374,cliff
38.4518035,-9.2012221,cliff
38.4517048,-9.2011845,cliff
38.4516457,-9.2010632,cliff
38.4515052,-9.2010611,cliff
38.4513616,-9.200888,cliff
38.4511423,-9.2009072,cliff
38.4509919,-9.2008088,cliff
38.4509715,-9.2005911,cliff
38.4507929,-9.2005026,cliff
38.4505827,-9.2006511,cliff
38.4501488,-9.2007367,cliff
38.4498267,-9.2011549,cliff
38.4496273,-9.2010584,cliff
38.4494509,-9.2009726,cliff
38.4493122,-9.2008224,cliff
38.4490917,-9.2008465,cliff
38.4489866,-9.2009512,cliff
38.4488669,-9.2010397,cliff
38.4488018,-9.2010477,cliff
38.4487724,-9.2011121,cliff
38.4488312,-9.2012274,cliff
38.4490371,-9.201383,cliff
38.4491316,-9.2016351,cliff
38.4491778,-9.2018738,cliff
38.4492282,-9.2020804,cliff
38.4493815,-9.2025551,cliff
38.4494551,-9.2029869,cliff
38.4494187,-9.2031913,cliff
38.4490312,-9.2041961,cliff
38.448827,-9.2046043,cliff
38.4487535,-9.204902,cliff
38.4487451,-9.2050603,cliff
38.4487514,-9.2051864,cliff
38.4486862,-9.2052427,cliff
38.4485497,-9.2053527,cliff
38.4482388,-9.205232,cliff
38.4479986,-9.2053837,cliff
38.4476401,-9.2051837,cliff
38.4475393,-9.2053419,cliff
38.4474931,-9.2054948,cliff
38.447365,-9.2055699,cliff
38.4472956,-9.2055699,cliff
38.4472284,-9.2054626,cliff
38.4471507,-9.2053607,cliff
38.4470531,-9.2053817,cliff
38.4468713,-9.2051381,cliff
38.4465382,-9.2049916,cliff
38.4460888,-9.2053261,cliff
38.4457356,-9.2058575,cliff
38.4453094,-9.2059192,cliff
38.4449531,-9.206175,cliff
38.4446467,-9.2061412,cliff
38.4444743,-9.2063559,cliff
38.4443357,-9.2062592,cliff
38.4441971,-9.2062592,cliff
38.444029,-9.2062861,cliff
38.4438484,-9.2063531,cliff
38.4436866,-9.2063665,cliff
38.4435417,-9.2063826,cliff
38.4434324,-9.2064497,cliff
38.4433148,-9.2065597,cliff
38.4432053,-9.206631,cliff
38.4424213,-9.2070468,cliff
38.4423213,-9.2073402,cliff
38.441975,-9.2076002,cliff
38.4415666,-9.2079127,cliff
38.4414138,-9.2083192,cliff
38.441129,-9.2084607,cliff
38.4411152,-9.2084828,cliff
38.440985,-9.2084828,cliff
38.4409157,-9.2084399,cliff
38.4408926,-9.2082334,cliff
38.4408358,-9.2081582,cliff
38.4407069,-9.2079968,cliff
38.4404178,-9.2083192,cliff
38.4404535,-9.2085177,cliff
38.4405396,-9.2087322,cliff
38.4405207,-9.2089066,cliff
38.4403799,-9.2089844,cliff
38.4402056,-9.2091185,cliff
38.4400753,-9.2090702,cliff
38.4399724,-9.2089736,cliff
38.4399115,-9.2089656,cliff
38.4397854,-9.2090058,cliff
38.4396741,-9.2088154,cliff
38.4391698,-9.208397,cliff
38.4388631,-9.2086598,cliff
38.4387245,-9.2086974,cliff
38.438569,-9.2085767,cliff
38.4384702,-9.2084399,cliff
38.4383715,-9.2084211,cliff
38.4381763,-9.2084184,cliff
38.4524327,-9.198226,scrub
38.4524058,-9.1982944,scrub
38.4523453,-9.1983202,scrub
38.4523735,-9.1980353,scrub
38.4522489,-9.1978937,scrub
38.4520406,-9.1979152,scrub
38.451903,-9.1979321,scrub
38.4513236,-9.1972687,scrub
38.450571,-9.1967111,scrub
38.4503593,-9.1965454,scrub
38.4500476,-9.1963013,scrub
38.4498381,-9.1960242,scrub
38.4496163,-9.1959384,scrub
38.4493913,-9.1957667,scrub
38.4491626,-9.1955993,scrub
38.4487401,-9.1952713,scrub
38.4482822,-9.1949127,scrub
38.4479234,-9.194615,scrub
38.4473252,-9.1943103,scrub
38.4467628,-9.1939602,scrub
38.4462217,-9.1936169,scrub
38.4455461,-9.1931918,scrub
38.4452102,-9.1929987,scrub
38.4442567,-9.1924392,scrub
38.4438029,-9.1921602,scrub
38.4435767,-9.1919859,scrub
38.4433647,-9.1917243,scrub
38.4431935,-9.1914068,scrub
38.4431328,-9.1912351,scrub
38.4433176,-9.1911233,scrub
38.4434117,-9.190763,scrub
38.4433758,-9.1905297,scrub
38.4435193,-9.1903551,scrub
38.4435361,-9.190012,scrub
38.4436571,-9.1898318,scrub
38.4435059,-9.1894759,scrub
38.4434699,-9.1891349,scrub
38.4437949,-9.1886387,scrub
38.4439731,-9.1882528,scrub
38.4441411,-9.1877847,scrub
38.4443506,-9.1884311,scrub
38.4446699,-9.1887527,scrub
38.4456505,-9.1888319,scrub
38.4466252,-9.189334,scrub
38.4469445,-9.1894155,scrub
38.4474149,-9.189291,scrub
38.4477241,-9.1891408,scrub
38.4480906,-9.1886259,scrub
38.4483192,-9.1884113,scrub
38.4485847,-9.1884327,scrub
38.4481587,-9.18968,scrub
38.4479761,-9.1900633,scrub
38.4478621,-9.1907413,scrub
38.4480131,-9.1908617,scrub
38.4482954,-9.1909132,scrub
38.4487458,-9.1909562,scrub
38.4489754,-9.1910444,scrub
38.4492166,-9.1908918,scrub
38.4491099,-9.1905723,scrub
38.4489171,-9.1904288,scrub
38.4486889,-9.1905911,scrub
38.4487359,-9.1908489,scrub
38.4480782,-9.1907869,scrub
38.4481486,-9.1905852,scrub
38.4480747,-9.1904136,scrub
38.4482326,-9.1897913,scrub
38.4485545,-9.1888493,scrub
38.4494258,-9.1897358,scrub
38.4499963,-9.1902692,scrub
38.4505406,-9.1893039,scrub
38.451243,-9.1901405,scrub
38.4510323,-9.1902293,scrub
38.4510312,-9.1905482,scrub
38.4511522,-9.1908274,scrub
38.4513449,-9.19098,scrub
38.4516969,-9.1907413,scrub
38.4520395,-9.1911493,scrub
38.4518076,-9.1921532,scrub
38.4513272,-9.1916128,scrub
38.4511254,-9.1918273,scrub
38.4511018,-9.1920502,scrub
38.4512195,-9.1925609,scrub
38.4514121,-9.1929756,scrub
38.4516228,-9.1929474,scrub
38.4517416,-9.1939283,scrub
38.4525279,-9.1947134,scrub
38.4529604,-9.1953633,scrub
38.4527354,-9.1963335,scrub
38.4526949,-9.1971531,scrub
38.4526075,-9.197651,scrub
38.4525169,-9.1980157,scrub
38.4524327,-9.198226,scrub
38.4522478,-9.198301,scrub
38.4521807,-9.1983568,scrub
38.452137,-9.1983096,scrub
38.4519236,-9.198228,scrub
38.4518131,-9.1983587,scrub
38.4517874,-9.198389,scrub
38.4517622,-9.1985606,scrub
38.4514077,-9.1985714,scrub
38.4510951,-9.198449,scrub
38.4508313,-9.1984748,scrub
38.450549,-9.1984533,scrub
38.4503489,-9.1983568,scrub
38.450164,-9.1982345,scrub
38.450001,-9.1983546,scrub
38.449917,-9.1986872,scrub
38.4498012,-9.1987838,scrub
38.4496549,-9.1984748,scrub
38.4495256,-9.198389,scrub
38.4493978,-9.1984641,scrub
38.4492057,-9.1988334,scrub
38.4495945,-9.1989576,scrub
38.4499047,-9.199078,scrub
38.4499977,-9.1992687,scrub
38.4497506,-9.1996165,scrub
38.4493843,-9.1999813,scrub
38.4491458,-9.2002817,scrub
38.4490713,-9.2003033,scrub
38.4486735,-9.1999276,scrub
38.4479906,-9.1994342,scrub
38.4474938,-9.1989706,scrub
38.4465795,-9.1982924,scrub
38.4461572,-9.1979709,scrub
38.44561,-9.1974448,scrub
38.4453153,-9.1972777,scrub
38.4452939,-9.1969127,scrub
38.4452452,-9.1965158,scrub
38.4451478,-9.1963335,scrub
38.4450906,-9.1960094,scrub
38.4451982,-9.1953312,scrub
38.4452402,-9.1950245,scrub
38.4452985,-9.1950418,scrub
38.4453998,-9.195166,scrub
38.445517,-9.1951879,scrub
38.4456065,-9.1955887,scrub
38.4457729,-9.1957497,scrub
38.4459152,-9.1955977,scrub
38.4459908,-9.195308,scrub
38.4458149,-9.1949557,scrub
38.445472,-9.1947477,scrub
38.4454552,-9.1942562,scrub
38.4450737,-9.1941082,scrub
38.4452817,-9.1931857,scrub
38.4458195,-9.1934432,scrub
38.4463795,-9.1938292,scrub
38.4470215,-9.1942004,scrub
38.4476098,-9.1945695,scrub
38.4481352,-9.1948916,scrub
38.4486477,-9.1953274,scrub
38.4491793,-9.1957112,scrub
38.449697,-9.1961059,scrub
38.4499687,-9.1963229,scrub
38.4504409,-9.1966984,scrub
38.451229,-9.1973251,scrub
38.4517352,-9.197874,scrub
38.451896,-9.1979817,scrub
38.4520546,-9.1979813,scrub
38.452217,-9.1979602,scrub
38.4523084,-9.1980456,scrub
38.4522982,-9.198228,scrub
38.4522478,-9.198301,scrub
38.4144779,-9.2184949,cliff
38.4144611,-9.2184654,cliff
38.4144422,-9.2184198,cliff
38.4170523,-9.217473,cliff
38.4170691,-9.217473,cliff
38.4170776,-9.2175078,cliff
38.4170965,-9.2175293,cliff
38.4171259,-9.2175454,cliff
38.417149,-9.2175507,cliff
38.4171637,-9.2175534,cliff
38.4171805,-9.2175668,cliff
38.4171889,-9.2175507,cliff
38.4172099,-9.2175481,cliff
38.4172247,-9.2175507,cliff
38.4172478,-9.2175534,cliff
38.4172625,-9.2175507,cliff
38.4172814,-9.2175561,cliff
38.4173045,-9.2175642,cliff
38.4173318,-9.2175749,cliff
38.4173613,-9.2175883,cliff
38.4173907,-9.217599,cliff
38.4174138,-9.2176071,cliff
38.4174222,-9.217599,cliff
38.4174495,-9.2175937,cliff
38.4174705,-9.2175963,cliff
38.4174895,-9.2176017,cliff
38.4175,-9.2176151,cliff
38.4175084,-9.2176312,cliff
38.417542,-9.2176473,cliff
38.4175609,-9.2176527,cliff
38.4175945,-9.217658,cliff
38.4176303,-9.2176741,cliff
38.4176597,-9.2176822,cliff
38.4176723,-9.217701,cliff
38.4176849,-9.2177331,cliff
38.4176996,-9.2177519,cliff
38.4177143,-9.2177626,cliff
38.4177353,-9.217768,cliff
38.4177626,-9.2177787,cliff
38.4177732,-9.2178029,cliff
38.4177942,-9.2178404,cliff
38.4178173,-9.2178726,cliff
38.4178404,-9.2179236,cliff
38.4178551,-9.2179558,cliff
38.4178719,-9.2179906,cliff
38.417895,-9.2180121,cliff
38.4179266,-9.2180335,cliff
38.4179329,-9.218055,cliff
38.4179119,-9.218055,cliff
38.4178803,-9.2180711,cliff
38.4178656,-9.2180926,cliff
38.4178509,-9.2181274,cliff
38.4178362,-9.2181623,cliff
38.4178131,-9.2181382,cliff
38.4177921,-9.218114,cliff
38.4177647,-9.2181274,cliff
38.4177711,-9.2181569,cliff
38.41775,-9.218165,cliff
38.4177227,-9.2181489,cliff
38.4176807,-9.2181435,cliff
38.4176303,-9.2181516,cliff
38.4176134,-9.2181247,cliff
38.4175462,-9.2181408,cliff
38.417521,-9.2181167,cliff
38.4174958,-9.2181086,cliff
38.4174747,-9.2180845,cliff
38.41746,-9.2181006,cliff
38.4174285,-9.218114,cliff
38.4173991,-9.2181274,cliff
38.417376,-9.2181462,cliff
38.4173423,-9.218173,cliff
38.417315,-9.2181837,cliff
38.4172898,-9.2181811,cliff
38.417273,-9.2181972,cliff
38.4172457,-9.2182106,cliff
38.4171952,-9.2182025,cliff
38.4171742,-9.2181837,cliff
38.4171385,-9.2181811,cliff
38.4171028,-9.2181918,cliff
38.4170712,-9.2181837,cliff
38.4170332,-9.2181934,cliff
38.4140786,-9.2196026,cliff
38.414087,-9.2196348,cliff
38.4140996,-9.2196563,cliff
38.4141101,-9.2196804,cliff
38.4141143,-9.2197099,cliff
38.4141164,-9.2197502,cliff
38.4141185,-9.2197958,cliff
38.4141227,-9.2198306,cliff
38.4141185,-9.2198735,cliff
38.4144422,-9.2184788,cliff
38.4144485,-9.2185083,cliff
38.4144569,-9.2185378,cliff
38.4144695,-9.2185727,cliff
38.4144632,-9.2186075,cliff
38.4144506,-9.2186129,cliff
38.4144359,-9.2186049,cliff
38.4144149,-9.2186183,cliff
38.4144023,-9.218629,cliff
38.4144065,-9.2186719,cliff
38.4144086,-9.218696,cliff
38.414417,-9.218747,cliff
38.4144191,-9.2187712,cliff
38.4143623,-9.2187712,cliff
38.4143287,-9.2187631,cliff
38.4143014,-9.2187658,cliff
38.4142741,-9.2187738,cliff
38.414253,-9.2187738,cliff
38.414232,-9.2187872,cliff
38.4142068,-9.2188007,cliff
38.4141921,-9.2188194,cliff
38.4141732,-9.2188489,cliff
38.414169,-9.2188892,cliff
38.4141774,-9.218924,cliff
38.4141795,-9.2189643,cliff
38.414169,-9.2190099,cliff
38.4141543,-9.2190421,cliff
38.4141395,-9.2190662,cliff
38.414129,-9.2190903,cliff
38.4141353,-9.2191145,cliff
38.414129,-9.2191359,cliff
38.4141143,-9.219152,cliff
38.4141059,-9.2191681,cliff
38.4141059,-9.2191949,cliff
38.4141122,-9.2192298,cliff
38.4141038,-9.2192486,cliff
38.4140933,-9.2192727,cliff
38.4140912,-9.2193049,cliff
38.4141017,-9.2193264,cliff
38.4140996,-9.2193586,cliff
38.4140996,-9.2193854,cliff
38.414087,-9.2194015,cliff
38.4140828,-9.2194229,cliff
38.4140716,-9.2194712,cliff
38.4141729,-9.2196362,cliff
38.4168023,-9.2191681,cliff
38.4167749,-9.2191628,cliff
38.4167497,-9.2191493,cliff
38.4167287,-9.2191333,cliff
38.4167014,-9.2191225,cliff
38.4166783,-9.2191252,cliff
38.4166488,-9.2191118,cliff
38.4166215,-9.2191011,cliff
38.4166026,-9.2190903,cliff
38.4165858,-9.2190662,cliff
38.4165627,-9.2190581,cliff
38.4165459,-9.2190581,cliff
38.4165206,-9.2190447,cliff
38.4164954,-9.219034,cliff
38.4164765,-9.2190179,cliff
38.4164576,-9.2190045,cliff
38.4164345,-9.2189884,cliff
38.4164178,-9.2189715,cliff
38.4163967,-9.2189557,cliff
38.4163946,-9.2189321,cliff
38.4163735,-9.218916,cliff
38.4163588,-9.2189053,cliff
38.416342,-9.2189079,cliff
38.4163273,-9.2188945,cliff
38.4163063,-9.2188784,cliff
38.4162916,-9.218865,cliff
38.416279,-9.2188463,cliff
38.4156716,-9.2186397,cliff
38.4156422,-9.2186397,cliff
38.4156275,-9.2186236,cliff
38.4156107,-9.2186236,cliff
38.415617,-9.2186612,cliff
38.4156296,-9.2186934,cliff
38.4153354,-9.2186236,cliff
38.4153143,-9.2186263,cliff
38.4153017,-9.2186183,cliff
38.4152912,-9.2185914,cliff
38.4152702,-9.2185727,cliff
38.4152492,-9.2185727,cliff
38.4152345,-9.2185485,cliff
38.4152093,-9.2185458,cliff
38.4151904,-9.2185137,cliff
38.4151739,-9.2185015,cliff
38.4151735,-9.2185324,cliff
38.4151735,-9.2185673,cliff
38.4151781,-9.2185799,cliff
38.4151672,-9.2186156,cliff
38.4151714,-9.2186451,cliff
38.4151904,-9.2186612,cliff
38.4151946,-9.218688,cliff
38.4164723,-9.2191628,cliff
38.4164912,-9.2191654,cliff
38.4165059,-9.2191628,cliff
38.4165122,-9.2191386,cliff
38.4164891,-9.2191118,cliff
38.4164618,-9.219093,cliff
38.4164366,-9.2190769,cliff
38.4164072,-9.2190555,cliff
38.4163819,-9.2190608,cliff
38.4163588,-9.2190447,cliff
38.4163336,-9.2190581,cliff
38.4163189,-9.2190635,cliff
38.4162958,-9.2190581,cliff
38.416279,-9.2190689,cliff
38.4162537,-9.2190689,cliff
38.4162222,-9.2190689,cliff
38.4162012,-9.2190662,cliff
38.4161844,-9.2190555,cliff
38.416155,-9.2190367,cliff
38.4151714,-9.2187175,cliff
38.4151546,-9.2186987,cliff
38.4151399,-9.218688,cliff
38.4151231,-9.2186853,cliff
38.4151126,-9.21868,cliff
38.4151,-9.2186612,cliff
38.4150874,-9.2186424,cliff
38.415079,-9.2186209,cliff
38.4150685,-9.2185888,cliff
38.4150622,-9.2185673,cliff
38.4150495,-9.2185485,cliff
38.4150411,-9.2185217,cliff
38.4149865,-9.2185083,cliff
38.4150033,-9.2185432,cliff
38.4149865,-9.2185432,cliff
38.4158902,-9.2188623,cliff
38.4158734,-9.2188328,cliff
38.4158734,-9.218798,cliff
38.4158679,-9.2187752,cliff
38.4158502,-9.2187551,cliff
38.4158404,-9.2187325,cliff
38.4158313,-9.2187014,cliff
38.4158229,-9.2186853,cliff
38.4158229,-9.2186639,cliff
38.4158145,-9.2186531,cliff
38.415804,-9.2186639,cliff
38.4157851,-9.2186558,cliff
38.4157662,-9.2186639,cliff
38.4157536,-9.2186826,cliff
38.4155518,-9.2185834,cliff
38.415535,-9.2185807,cliff
38.4155182,-9.2185807,cliff
38.415514,-9.2186075,cliff
38.4155245,-9.2186344,cliff
38.4155392,-9.2186585,cliff
38.414686,-9.2184412,cliff
38.4146439,-9.2184225,cliff
38.4146229,-9.2184225,cliff
38.4146019,-9.2184305,cliff
38.4145893,-9.2184466,cliff
38.414562,-9.2184412,cliff
38.4172562,-9.2191467,cliff
38.4172247,-9.2191359,cliff
38.4172057,-9.2191252,cliff
38.4171763,-9.2191198,cliff
38.4171511,-9.2191172,cliff
38.4171259,-9.2191091,cliff
38.4171007,-9.2191011,cliff
38.4170712,-9.2190984,cliff
38.4170439,-9.2191011,cliff
38.4170208,-9.2190903,cliff
38.4169935,-9.2190796,cliff
38.4169452,-9.2190608,cliff
38.4169241,-9.2190501,cliff
38.4168926,-9.2190421,cliff
38.4168758,-9.2190421,cliff
38.4168527,-9.2190394,cliff
38.416817,-9.2190179,cliff
38.4168044,-9.2190126,cliff
38.4167812,-9.2190206,cliff
38.416756,-9.2190206,cliff
38.4167287,-9.2190126,cliff
38.4167035,-9.2190233,cliff
38.4166867,-9.2190072,cliff
38.4166678,-9.2189991,cliff
38.4166446,-9.2189884,cliff
38.4166131,-9.2189804,cliff
38.4168779,-9.2193183,cliff
38.4168569,-9.2193103,cliff
38.4168359,-9.219313,cliff
38.4168068,-9.2193204,cliff
38.4167938,-9.2193344,cliff
38.4167833,-9.2193425,cliff
38.4167623,-9.2193425,cliff
38.4140471,-9.2196134,cliff
38.414045,-9.2196563,cliff
38.4140387,-9.2196885,cliff
38.4140387,-9.2197153,cliff
38.4140366,-9.2197448,cliff
38.4140387,-9.2197716,cliff
38.4140261,-9.2198092,cliff
38.4140113,-9.2198226,cliff
38.4139987,-9.2198548,cliff
38.4140071,-9.2199057,cliff
38.4140198,-9.2199245,cliff
38.4140177,-9.2199433,cliff
38.4140177,-9.2199781,cliff
38.414024,-9.2199969,cliff
38.4140219,-9.2200264,cliff
38.4140219,-9.220072,cliff
38.4139987,-9.2201042,cliff
38.4139987,-9.2201364,cliff
38.4140008,-9.2201659,cliff
38.4140092,-9.2201981,cliff
38.4140092,-9.2202195,cliff
38.4166783,-9.2191735,cliff
38.4166593,-9.2191762,cliff
38.416632,-9.2191869,cliff
38.4166152,-9.2191842,cliff
38.4166068,-9.2191681,cliff
38.4165984,-9.2191467,cliff
38.4165879,-9.2191333,cliff
38.4165711,-9.2191386,cliff
38.4165564,-9.2191601,cliff
38.4165543,-9.2191896,cliff
38.4165312,-9.2191815,cliff
38.4164975,-9.2191869,cliff
38.4170523,-9.2194068,cliff
38.4171154,-9.2193881,cliff
38.4171343,-9.2194095,cliff
38.4171763,-9.2194122,cliff
38.4172036,-9.2194068,cliff
38.417231,-9.2193961,cliff
38.4164114,-9.2188463,cliff
38.4163924,-9.2188436,cliff
38.4163651,-9.218857,cliff
38.4163315,-9.218857,cliff
38.4163063,-9.2188436,cliff
38.416279,-9.2188463,cliff
38.4162495,-9.2188409,cliff
38.4162222,-9.2188194,cliff
38.4161928,-9.218806,cliff
38.4161634,-9.2188033,cliff
38.4161424,-9.2187819,cliff
38.4161192,-9.2187577,cliff
38.4160898,-9.2187551,cliff
38.4160688,-9.2187282,cliff
38.4160562,-9.2186987,cliff
38.4160331,-9.21868,cliff
38.41601,-9.2186665,cliff
38.4159874,-9.2186577,cliff
38.4159826,-9.2186639,cliff
38.4159826,-9.2186826,cliff
38.4159847,-9.2187229,cliff
38.4159805,-9.2187443,cliff
38.4159595,-9.2187497,cliff
38.4159406,-9.2187443,cliff
38.4159242,-9.2187646,cliff
38.4159175,-9.2187899,cliff
38.4159259,-9.2188194,cliff
38.4159385,-9.2188463,cliff
38.415949,-9.2188623,cliff
38.4159721,-9.2188758,cliff
38.4159868,-9.2188784,cliff
38.4160037,-9.2188784,cliff
38.4160289,-9.2188999,cliff
38.4148793,-9.2184734,cliff
38.4148583,-9.2184681,cliff
38.4148352,-9.2184439,cliff
38.4148268,-9.218452,cliff
38.4148037,-9.2184493,cliff
38.4147953,-9.2184225,cliff
38.4147679,-9.2184171,cliff
38.4147448,-9.2184064,cliff
38.4147301,-9.2184305,cliff
38.4147217,-9.2184439,cliff
38.4174789,-9.2192674,cliff
38.4174558,-9.2192593,cliff
38.4174327,-9.2192459,cliff
38.4174054,-9.2192459,cliff
38.4173802,-9.2192405,cliff
38.417355,-9.2192486,cliff
38.4173339,-9.2192352,cliff
38.4173087,-9.2192164,cliff
38.4172772,-9.2192084,cliff
38.4172541,-9.2192003,cliff
38.4172331,-9.2191842,cliff
38.4172205,-9.2191815,cliff
38.4171994,-9.2191923,cliff
38.4171742,-9.2191762,cliff
38.4171574,-9.2191628,cliff
38.4171322,-9.219144,cliff
38.4171091,-9.2191252,cliff
38.417086,-9.2191091,cliff
38.4170712,-9.2190984,cliff
38.4161108,-9.2189133,cliff
38.4161277,-9.2189294,cliff
38.4161445,-9.2189509,cliff
38.4161697,-9.218975,cliff
38.4161928,-9.2189911,cliff
38.4162096,-9.2190018,cliff
38.4162243,-9.2190179,cliff
38.4162369,-9.2190152,cliff
38.4162558,-9.219026,cliff
38.4162706,-9.2190394,cliff
38.4162832,-9.2190394,cliff
38.4162958,-9.2190581,cliff
38.4165795,-9.2188865,cliff
38.4165648,-9.2189053,cliff
38.4165543,-9.2189187,cliff
38.4165585,-9.2189535,cliff
38.4165837,-9.2189723,cliff
38.4166131,-9.2189804,cliff
38.4166446,-9.2190018,cliff
38.4166741,-9.219034,cliff
38.4167035,-9.2190474,cliff
38.4167308,-9.2190742,cliff
38.4167665,-9.2190903,cliff
38.4154678,-9.2185593,cliff
38.4154467,-9.2185405,cliff
38.4154215,-9.2185432,cliff
38.4153921,-9.2185405,cliff
38.4153732,-9.2185539,cliff
38.4153669,-9.2185754,cliff
38.4153711,-9.2185995,cliff
38.4107311,-9.205678,coastline
38.4107422,-9.2056317,coastline
38.4107768,-9.2056015,coastline
38.4108005,-9.2056075,coastline
38.4108021,-9.2056498,coastline
38.4107311,-9.205678,coastline
38.4115826,-9.1933911,coastline
38.411532,-9.1934023,coastline
38.4115232,-9.1933518,coastline
38.4115716,-9.1932621,coastline
38.4116023,-9.1932116,coastline
38.4116639,-9.1931751,coastline
38.4116375,-9.1932789,coastline
38.4115826,-9.1933911,coastline
38.4199172,-9.2179149,bare_rock
38.4200794,-9.2179691,bare_rock
38.4203161,-9.2181977,bare_rock
38.4178027,-9.2169426,cliff
38.4177074,-9.2165975,cliff
38.4184067,-9.2170879,cliff
38.4181071,-9.2169877,cliff
38.4178027,-9.2169426,cliff
38.4184067,-9.2170879,cliff
38.4182497,-9.2173899,cliff
38.4179391,-9.2172392,cliff
38.4177205,-9.217206,cliff
38.417401,-9.2171738,cliff
38.4172309,-9.2171743,cliff
38.4171026,-9.2173401,cliff
38.4170944,-9.2174113,cliff
38.4118598,-9.1934148,cliff
38.4119964,-9.1931385,cliff
38.4120931,-9.192763,cliff
38.4121877,-9.192425,cliff
38.4123011,-9.1921058,cliff
38.4124336,-9.1917491,cliff
38.4125218,-9.1914407,cliff
38.4126395,-9.1910812,cliff
38.4126637,-9.1909029,cliff
38.4127507,-9.1907374,cliff
38.412922,-9.1905161,cliff
38.4129033,-9.1903906,cliff
38.412964,-9.1903243,cliff
38.4129981,-9.1902579,cliff
38.4130512,-9.1902184,cliff
38.4131248,-9.1900963,cliff
38.4131857,-9.1899394,cliff
38.4132924,-9.1900104,cliff
38.4133538,-9.1899803,cliff
38.41346,-9.1898402,cliff
38.4134925,-9.1896886,cliff
38.4135682,-9.1895263,cliff
38.4138405,-9.1896402,cliff
38.4141111,-9.1899344,cliff
38.414399,-9.1899562,cliff
38.4144195,-9.1898831,cliff
38.414414,-9.1896318,cliff
38.4144496,-9.1893287,cliff
38.4144297,-9.1891624,cliff
38.4139958,-9.2211035,cliff
38.4139113,-9.2210924,cliff
38.413894,-9.2211236,cliff
38.4139633,-9.2212621,cliff
38.4139844,-9.2213275,cliff
38.4141079,-9.2217236,cliff
38.4141397,-9.2221478,cliff
38.4139476,-9.2222403,cliff
38.4137806,-9.2222427,cliff
38.4136651,-9.2217535,cliff
38.413589,-9.2215527,cliff
38.413528,-9.2213844,cliff
38.413513,-9.2212964,cliff
38.4134186,-9.2213217,cliff
38.4133192,-9.2213862,cliff
38.4132881,-9.2213049,cliff
38.4132955,-9.2210256,cliff
38.4133811,-9.2208905,cliff
38.4134578,-9.2207779,cliff
38.4134389,-9.2206331,cliff
38.4133864,-9.2204936,cliff
38.4133338,-9.2204078,cliff
38.4132498,-9.2201851,cliff
38.4132077,-9.2200322,cliff
38.4132349,-9.2198863,cliff
38.4134026,-9.2197845,cliff
38.4134242,-9.2195468,cliff
38.4134873,-9.2188252,cliff
38.4135734,-9.2180958,cliff
38.4136113,-9.2179455,cliff
38.4135692,-9.2173232,cliff
38.4134306,-9.2168727,cliff
38.4136344,-9.2163469,cliff
38.4135902,-9.2158024,cliff
38.4134032,-9.2148073,cliff
38.4132225,-9.2134796,cliff
38.4131657,-9.2132087,cliff
38.4129913,-9.2129351,cliff
38.412861,-9.2125355,cliff
38.4131132,-9.2124711,cliff
38.4133359,-9.2122377,cliff
38.4131888,-9.211814,cliff
38.4131657,-9.2117523,cliff
38.413109,-9.2116718,cliff
38.4130312,-9.2116021,cliff
38.4128757,-9.211535,cliff
38.4128925,-9.21124,cliff
38.4129051,-9.2111166,cliff
38.4128463,-9.211071,cliff
38.4127706,-9.2110307,cliff
38.412697,-9.2110066,cliff
38.4126676,-9.2107572,cliff
38.4127033,-9.210607,cliff
38.4128105,-9.2103709,cliff
38.4127748,-9.210151,cliff
38.412613,-9.2101242,cliff
38.4124575,-9.209813,cliff
38.4122589,-9.2090942,cliff
38.412076,-9.208657,cliff
38.4119793,-9.2081823,cliff
38.4118574,-9.2078067,cliff
38.4117923,-9.207214,cliff
38.4119016,-9.2066373,cliff
38.4116956,-9.2064925,cliff
38.4116683,-9.2063986,cliff
38.4116115,-9.2058675,cliff
38.4115737,-9.2057683,cliff
38.4115086,-9.2051862,cliff
38.4115821,-9.2049421,cliff
38.4114539,-9.2048107,cliff
38.4111576,-9.2045264,cliff
38.4110378,-9.204108,cliff
38.4109936,-9.2032255,cliff
38.4108005,-9.203331,cliff
38.4102658,-9.2027378,cliff
38.4099967,-9.2016488,cliff
38.410085,-9.2012947,cliff
38.4100672,-9.2010157,cliff
38.4099568,-9.2007931,cliff
38.4097603,-9.2005786,cliff
38.4097866,-9.2002433,cliff
38.4097403,-9.1999643,cliff
38.4096962,-9.1995003,cliff
38.40967,-9.1991771,cliff
38.4097477,-9.1986273,cliff
38.409828,-9.1986056,cliff
38.4098831,-9.1985788,cliff
38.4098796,-9.1985028,cliff
38.4099516,-9.1983644,cliff
38.4099873,-9.198347,cliff
38.4100444,-9.1980075,cliff
38.4097246,-9.1978722,cliff
38.4096239,-9.1976883,cliff
38.4097774,-9.1973233,cliff
38.4097306,-9.1967816,cliff
38.4098063,-9.196178,cliff
38.4098882,-9.1958186,cliff
38.4102098,-9.1953452,cliff
38.410544,-9.1951991,cliff
38.4110127,-9.1945486,cliff
38.4112344,-9.1942938,cliff
38.4112815,-9.1941935,cliff
38.411353,-9.194156,cliff
38.4114349,-9.1940219,cliff
38.4115799,-9.1938502,cliff
38.4117544,-9.1935578,cliff
38.4118598,-9.1934148,cliff
38.4117036,-9.1932494,coastline
38.4117049,-9.1931863,coastline
38.4118111,-9.1930265,coastline
38.4117693,-9.1929657,coastline
38.4117027,-9.1930424,coastline
38.4116448,-9.193019,coastline
38.4116338,-9.192962,coastline
38.4116785,-9.192904,coastline
38.4116294,-9.1928162,coastline
38.4116621,-9.1927335,coastline
38.411651,-9.1927133,coastline
38.4116327,-9.1927091,coastline
38.411636,-9.1926942,coastline
38.4116609,-9.1926787,coastline
38.4116225,-9.1926082,coastline
38.4116199,-9.1925553,coastline
38.4115968,-9.19251,coastline
38.4116554,-9.1924923,coastline
38.4116981,-9.1924283,coastline
38.4117008,-9.1923518,coastline
38.4116785,-9.1922268,coastline
38.4117137,-9.1921992,coastline
38.4117089,-9.1921127,coastline
38.411782,-9.1919924,coastline
38.4118038,-9.1919,coastline
38.4118729,-9.1918172,coastline
38.4118634,-9.1917023,coastline
38.4118539,-9.1916612,coastline
38.4119481,-9.1916134,coastline
38.411979,-9.1914569,coastline
38.4120543,-9.1913833,coastline
38.4120809,-9.1912369,coastline
38.4120821,-9.1911746,coastline
38.4120302,-9.19114,coastline
38.412074,-9.1910473,coastline
38.412151,-9.191011,coastline
38.4121739,-9.1909567,coastline
38.4121568,-9.1908016,coastline
38.4122689,-9.1907156,coastline
38.4123297,-9.1906277,coastline
38.4123268,-9.1905782,coastline
38.4123451,-9.1905595,coastline
38.4123898,-9.1906399,coastline
38.4124535,-9.190739,coastline
38.4124864,-9.1907516,coastline
38.4125121,-9.1907156,coastline
38.4124288,-9.1904779,coastline
38.4124991,-9.190362,coastline
38.4125774,-9.1904176,coastline
38.4127926,-9.1901987,coastline
38.412811,-9.1901355,coastline
38.4127806,-9.1899679,coastline
38.4128029,-9.1899304,coastline
38.4128556,-9.1899706,coastline
38.4129809,-9.1898341,coastline
38.4130358,-9.1898453,coastline
38.4132131,-9.1897939,coastline
38.4131504,-9.1896585,coastline
38.4131149,-9.1895864,coastline
38.4131823,-9.1895144,coastline
38.4133427,-9.1894592,coastline
38.413353,-9.1893996,coastline
38.4133708,-9.1892253,coastline
38.413459,-9.1891909,coastline
38.413571,-9.189297,coastline
38.4135807,-9.1892933,coastline
38.4135744,-9.1892504,coastline
38.4136506,-9.1892323,coastline
38.4136682,-9.1893232,coastline
38.4137307,-9.1893628,coastline
38.4137764,-9.1894975,coastline
38.4138227,-9.1895344,coastline
38.4138379,-9.189527,coastline
38.4138174,-9.1894747,coastline
38.4138069,-9.1893601,coastline
38.4138521,-9.1893393,coastline
38.4139314,-9.1893648,coastline
38.4139461,-9.1894379,coastline
38.4139835,-9.1894358,coastline
38.4140034,-9.1894184,coastline
38.4140213,-9.189456,coastline
38.4140024,-9.1895136,coastline
38.4140481,-9.1896611,coastline
38.4141185,-9.1897403,coastline
38.4141574,-9.189812,coastline
38.4141905,-9.1898377,coastline
38.4142304,-9.1898469,coastline
38.4142898,-9.1898563,coastline
38.4143323,-9.1898563,coastline
38.4143386,-9.1898321,coastline
38.4143055,-9.1897114,coastline
38.4143058,-9.1895438,coastline
38.4143562,-9.1893715,coastline
38.4143738,-9.1894221,coastline
38.4143946,-9.189458,coastline
38.414409,-9.1893963,coastline
38.4144051,-9.1892798,coastline
38.4143996,-9.1892038,coastline
38.4094524,-9.1978539,coastline
38.4095303,-9.1975338,coastline
38.4095008,-9.1974454,coastline
38.4093931,-9.1974295,coastline
38.4093688,-9.1973904,coastline
38.4094136,-9.1972575,coastline
38.4094092,-9.1969322,coastline
38.4094385,-9.1967976,coastline
38.4094356,-9.1966171,coastline
38.4094565,-9.1965395,coastline
38.4094165,-9.1965036,coastline
38.4094392,-9.1964535,coastline
38.4094964,-9.1963713,coastline
38.409492,-9.1962722,coastline
38.4094962,-9.1962011,coastline
38.4096568,-9.195931,coastline
38.4096795,-9.1958609,coastline
38.4098187,-9.1956935,coastline
38.4099344,-9.1955458,coastline
38.4099535,-9.1955659,coastline
38.4099842,-9.1955589,coastline
38.4100179,-9.195429,coastline
38.4100425,-9.1953949,coastline
38.410048,-9.19535,coastline
38.4100885,-9.1952818,coastline
38.4101241,-9.1952808,coastline
38.4101948,-9.1952229,coastline
38.4102846,-9.1951728,coastline
38.410349,-9.1951719,coastline
38.4104838,-9.1951194,coastline
38.4109812,-9.1945203,coastline
38.4112141,-9.1942885,coastline
38.4112405,-9.1941539,coastline
38.4113855,-9.1940193,coastline
38.4113359,-9.193911,coastline
38.411354,-9.1938716,coastline
38.4114002,-9.193823,coastline
38.4114456,-9.1938426,coastline
38.4115496,-9.1937276,coastline
38.4115862,-9.1934818,coastline
38.4117036,-9.1932494,coastline
38.4182204,-9.2177248,coastline
38.4182078,-9.2180771,coastline
38.4179631,-9.2186922,coastline
38.4179477,-9.2192956,coastline
38.4178905,-9.2194877,coastline
38.4178716,-9.2196136,coastline
38.4178147,-9.219644,coastline
38.4177977,-9.2197763,coastline
38.4177287,-9.2197572,coastline
38.4176747,-9.2196656,coastline
38.4174406,-9.2197961,coastline
38.4174209,-9.2200951,coastline
38.4173847,-9.2202789,coastline
38.4173159,-9.2203037,coastline
38.4172529,-9.2202926,coastline
38.4171902,-9.2200529,coastline
38.4171966,-9.2198063,coastline
38.4170718,-9.2197502,coastline
38.4169986,-9.220557,coastline
38.4169499,-9.2209047,coastline
38.4169075,-9.2202673,coastline
38.4169482,-9.2195916,coastline
38.4165918,-9.2197432,coastline
38.416311,-9.2199144,coastline
38.4161681,-9.2201903,coastline
38.4160871,-9.2207454,coastline
38.4160535,-9.2204475,coastline
38.415925,-9.2202752,coastline
38.4157927,-9.2202369,coastline
38.4157407,-9.2200712,coastline
38.4157518,-9.219926,coastline
38.4157506,-9.2197763,coastline
38.4156397,-9.2197913,coastline
38.4156389,-9.2199061,coastline
38.4156197,-9.2199022,coastline
38.4156174,-9.2198178,coastline
38.4153851,-9.2198639,coastline
38.4150629,-9.2198423,coastline
38.414899,-9.2197687,coastline
38.4148467,-9.2196136,coastline
38.4148021,-9.2196833,coastline
38.414792,-9.2198182,coastline
38.4147586,-9.220771,coastline
38.4146336,-9.2211471,coastline
38.4144242,-9.2213622,coastline
38.4144954,-9.221495,coastline
38.4144541,-9.2218757,coastline
38.4143932,-9.2221142,coastline
38.4144392,-9.2223491,coastline
38.4143826,-9.2226321,coastline
38.4142976,-9.2227861,coastline
38.4142491,-9.2228008,coastline
38.4142327,-9.2228546,coastline
38.4141318,-9.222874,coastline
38.4139729,-9.2226563,coastline
38.4139488,-9.2228288,coastline
38.4138663,-9.2229716,coastline
38.4135829,-9.2226205,coastline
38.4135883,-9.2223848,coastline
38.4135676,-9.2221401,coastline
38.4135571,-9.222088,coastline
38.4135272,-9.2220475,coastline
38.4134675,-9.2220361,coastline
38.4134171,-9.2220406,coastline
38.413416,-9.2220763,coastline
38.4134683,-9.2221444,coastline
38.413495,-9.2222224,coastline
38.4134225,-9.2223527,coastline
38.413303,-9.2221112,coastline
38.4132158,-9.2218436,coastline
38.4131529,-9.2217447,coastline
38.413059,-9.2215301,coastline
38.4130445,-9.2213766,coastline
38.4129831,-9.2212115,coastline
38.4130318,-9.2211901,coastline
38.4129668,-9.22092,coastline
38.4128763,-9.2208079,coastline
38.4128093,-9.220852,coastline
38.4127668,-9.2207437,coastline
38.4128159,-9.2206533,coastline
38.4127116,-9.2202783,coastline
38.4126608,-9.220238,coastline
38.4126084,-9.2201355,coastline
38.4126015,-9.2200033,coastline
38.4126295,-9.2199185,coastline
38.4126455,-9.2197237,coastline
38.4126154,-9.2196339,coastline
38.4126547,-9.2194927,coastline
38.4126789,-9.2194806,coastline
38.4126948,-9.2193487,coastline
38.4127127,-9.2192372,coastline
38.4127446,-9.2191593,coastline
38.412771,-9.2190516,coastline
38.412742,-9.2187963,coastline
38.4127608,-9.2187497,coastline
38.412754,-9.2186885,coastline
38.4127011,-9.2186919,coastline
38.4126078,-9.2186274,coastline
38.4125905,-9.2185639,coastline
38.4126836,-9.2183554,coastline
38.4126687,-9.2182464,coastline
38.4127089,-9.2180875,coastline
38.4128296,-9.2178647,coastline
38.4126857,-9.2175169,coastline
38.4128017,-9.2173459,coastline
38.4127346,-9.2171675,coastline
38.4128169,-9.2169784,coastline
38.4091664,-9.1983528,cliff
38.409283,-9.1982342,cliff
38.4093193,-9.1982482,cliff
38.409417,-9.1982321,cliff
38.4094643,-9.1982558,cliff
38.4094928,-9.1982349,cliff
38.4095208,-9.1981859,cliff
38.4095235,-9.1981484,cliff
38.4094958,-9.1980451,cliff
38.4095564,-9.1982779,bare_rock
38.4095766,-9.1982454,bare_rock
38.4096055,-9.1982218,bare_rock
38.4095235,-9.1981484,bare_rock
38.4095208,-9.1981857,bare_rock
38.4094927,-9.1982348,bare_rock
38.4095564,-9.1982779,bare_rock
38.4159511,-9.189873,cliff
38.4160456,-9.1898368,cliff
38.4161749,-9.1897161,cliff
38.4162001,-9.189692,cliff
38.4163294,-9.1897604,cliff
38.4164012,-9.1899281,cliff
38.4164507,-9.1899476,cliff
38.4164603,-9.1900036,cliff
38.4161318,-9.1893211,coastline
38.4160736,-9.189259,coastline
38.4158143,-9.1895128,coastline
38.4158845,-9.189595,coastline
38.4160736,-9.189259,coastline
38.4160162,-9.1891978,coastline
38.4158948,-9.1890912,coastline
38.4158533,-9.1889443,coastline
38.4158303,-9.1888127,coastline
38.415808,-9.188748,coastline
38.4158308,-9.1887207,coastline
38.4158452,-9.188712,coastline
38.4158625,-9.1886969,coastline
38.4159058,-9.1886191,coastline
38.4160005,-9.1884548,coastline
38.4159664,-9.1883402,coastline
38.4159768,-9.188306,coastline
38.416019,-9.1883125,coastline
38.4160688,-9.1884052,coastline
38.4161554,-9.1884334,coastline
38.4162143,-9.1884173,coastline
38.4161917,-9.1883972,coastline
38.4161507,-9.1884052,coastline
38.4161145,-9.188371,coastline
38.4162001,-9.188314,coastline
38.4162553,-9.1883543,coastline
38.4162769,-9.1883697,coastline
38.4162932,-9.1883804,coastline
38.4162991,-9.1883573,coastline
38.4162689,-9.1883355,coastline
38.416274,-9.1882943,coastline
38.4162918,-9.1882713,coastline
38.4163149,-9.1882687,coastline
38.4163441,-9.1881545,coastline
38.4163871,-9.1880914,coastline
38.41641,-9.1880798,coastline
38.4164264,-9.1880892,coastline
38.4165625,-9.1880402,coastline
38.4166157,-9.1881108,coastline
38.4166622,-9.1880495,coastline
38.416616,-9.1879496,coastline
38.4166498,-9.1878922,coastline
38.4167896,-9.187976,coastline
38.416812,-9.1877813,coastline
38.41691,-9.1877775,coastline
38.4171386,-9.1877854,coastline
38.4173822,-9.1878875,coastline
38.4175682,-9.1879204,coastline
38.4175362,-9.1880149,coastline
38.4176193,-9.1880285,coastline
38.4158845,-9.189595,coastline
38.4159921,-9.1895411,coastline
38.4160814,-9.1894449,coastline
38.4161097,-9.1894144,coastline
38.4161318,-9.1893211,coastline
38.4143996,-9.1892038,coastline
38.4143867,-9.1890958,coastline
38.414433,-9.1890547,coastline
38.414406,-9.188873,coastline
38.414473,-9.1888465,coastline
38.4145783,-9.1889364,coastline
38.4146785,-9.1890388,coastline
38.4147682,-9.1889567,coastline
38.4148107,-9.1889403,coastline
38.4148887,-9.1889618,coastline
38.4149465,-9.1889926,coastline
38.4151392,-9.1890362,coastline
38.4151593,-9.1890704,coastline
38.4151661,-9.1891837,coastline
38.4152034,-9.1892079,coastline
38.4152087,-9.1892434,coastline
38.4152765,-9.1892903,coastline
38.4153448,-9.1893396,coastline
38.4165962,-9.1896866,cliff
38.4165101,-9.189582,cliff
38.4164218,-9.1893688,cliff
38.416239,-9.1891716,cliff
38.4161444,-9.1889906,cliff
38.4161129,-9.188882,cliff
38.4161413,-9.1887814,cliff
38.4161633,-9.1886245,cliff
38.4162358,-9.1885722,cliff
38.4163934,-9.188544,cliff
38.4165006,-9.1885038,cliff
38.4165542,-9.1884233,cliff
38.4166772,-9.1882101,cliff
38.4168758,-9.1880612,cliff
38.4172288,-9.1881055,cliff
38.417564,-9.1881242,cliff
38.4176806,-9.1882932,cliff
38.4177408,-9.1883147,cliff
38.4178057,-9.1882959,cliff
38.4180043,-9.1880465,cliff
38.418536,-9.1878319,cliff
38.4187572,-9.187678,cliff
38.4189584,-9.1873813,cliff
38.4191727,-9.1868341,cliff
38.4192338,-9.1865057,cliff
38.4173129,-9.1918808,cliff
38.4173255,-9.1918243,cliff
38.4172561,-9.1915789,cliff
38.4171748,-9.1912578,cliff
38.4172212,-9.1911717,cliff
38.4172309,-9.1909513,cliff
38.4173255,-9.1906294,cliff
38.4161462,-9.190991,cliff
38.4162123,-9.1909316,cliff
38.4162908,-9.1909101,cliff
38.4163636,-9.190953,cliff
38.4164309,-9.1908958,cliff
38.4164645,-9.190903,cliff
38.4164813,-9.1910102,cliff
38.4165989,-9.1910889,cliff
38.4166886,-9.1911604,cliff
38.4168062,-9.1913678,cliff
38.4169295,-9.1914107,cliff
38.4169799,-9.1916109,cliff
38.4144297,-9.1891624,cliff
38.4144884,-9.1890992,cliff
38.4145209,-9.1891153,cliff
38.4145462,-9.1891877,cliff
38.4146281,-9.1892762,cliff
38.4147574,-9.1892843,cliff
38.4149361,-9.1892638,cliff
38.4150624,-9.1892918,cliff
38.4152435,-9.1894739,cliff
38.4153917,-9.189509,cliff
38.4155838,-9.1897611,cliff
38.415721,-9.1897961,cliff
38.415957,-9.1899502,cliff
38.4162085,-9.1901791,cliff
38.416385,-9.1902818,cliff
38.4166375,-9.1905982,cliff
38.4168461,-9.1908072,cliff
38.4168982,-9.1908317,cliff
38.4168991,-9.190618,cliff
38.4169101,-9.19052,cliff
38.4168003,-9.1899246,cliff
38.4167729,-9.1896724,cliff
38.4153448,-9.1893396,coastline
38.4154375,-9.1892635,coastline
38.4155192,-9.1892903,coastline
38.4155658,-9.1893324,coastline
38.4156845,-9.1893699,coastline
38.4158143,-9.1895128,coastline
38.4141847,-9.1914908,cliff
38.4141783,-9.191363,cliff
38.4140943,-9.191157,cliff
38.4140975,-9.1910251,cliff
38.4141298,-9.1909098,cliff
38.4141653,-9.1907614,cliff
38.4142461,-9.190848,cliff
38.4142654,-9.1908933,cliff
38.4142848,-9.1910087,cliff
38.4143849,-9.1911158,cliff
38.4141397,-9.2221478,cliff
38.4141898,-9.2222637,cliff
38.4142254,-9.2224685,cliff
38.4142816,-9.2226085,cliff
