38.783934,-9.4263125,lake
38.7839675,-9.426468,lake
38.7840595,-9.4265539,lake
38.7844233,-9.4266343,lake
38.7844985,-9.426688,lake
38.7845652,-9.4266496,lake
38.7845694,-9.426596,lake
38.7846656,-9.4264941,lake
38.784694,-9.4263041,lake
38.7846491,-9.4261408,lake
38.7846295,-9.4260712,lake
38.7845696,-9.4260657,lake
38.7843687,-9.4261346,lake
38.7841345,-9.4261668,lake
38.7839926,-9.4261462,lake
38.7839422,-9.4262151,lake
38.783934,-9.4263125,lake
38.7953405,-9.3953599,lake
38.7952529,-9.395276,lake
38.7951803,-9.3951485,lake
38.7951845,-9.3949929,lake
38.7952115,-9.3949586,lake
38.7952455,-9.3949487,lake
38.7952778,-9.394964,lake
38.7953062,-9.395204,lake
38.795342,-9.3952552,lake
38.7953809,-9.3952809,lake
38.7953802,-9.3953179,lake
38.7953605,-9.3953332,lake
38.7953405,-9.3953599,lake
38.7948779,-9.3961319,pond
38.7948615,-9.39619,pond
38.7948594,-9.3962369,pond
38.7948452,-9.3962699,pond
38.7948249,-9.396279,pond
38.7948175,-9.3963009,pond
38.794759,-9.396337,pond
38.7947319,-9.3963152,pond
38.7947576,-9.3962021,pond
38.7948095,-9.3962021,pond
38.7948592,-9.3961136,pond
38.7948779,-9.3961319,pond
38.7685104,-9.3982002,lake
38.7684594,-9.3982237,lake
38.7684226,-9.3981922,lake
38.7683994,-9.3981066,lake
38.768341,-9.3980339,lake
38.7682802,-9.397943,lake
38.7681693,-9.3978196,lake
38.768048,-9.3976989,lake
38.767973,-9.3976504,lake
38.7678182,-9.3976289,lake
38.7675108,-9.3976075,lake
38.7673302,-9.3976148,lake
38.7672266,-9.3975796,lake
38.7678913,-9.3969597,lake
38.768026,-9.3970098,lake
38.7681511,-9.3971024,lake
38.7682177,-9.3971511,lake
38.7683766,-9.3972566,lake
38.768569,-9.3972722,lake
38.7686944,-9.3973607,lake
38.7687402,-9.3974682,lake
38.7687007,-9.3975163,lake
38.7686405,-9.3975412,lake
38.7686171,-9.3975779,lake
38.7685689,-9.3975914,lake
38.768529,-9.397707,lake
38.7685618,-9.3977598,lake
38.7685628,-9.3978041,lake
38.7685292,-9.3978623,lake
38.7685104,-9.3979669,lake
38.7685062,-9.3981063,lake
38.7685104,-9.3982002,lake
38.7871605,-9.3934349,pond
38.7872922,-9.393346,pond
38.7874392,-9.3933154,pond
38.7874566,-9.3933248,pond
38.7874708,-9.3933409,pond
38.7874802,-9.3933619,pond
38.7874838,-9.3933858,pond
38.7874812,-9.3934098,pond
38.7874727,-9.3934315,pond
38.7874592,-9.3934485,pond
38.7871814,-9.3935494,pond
38.787071,-9.393631,pond
38.7870596,-9.393609,pond
38.7870539,-9.3935836,pond
38.7870545,-9.3935572,pond
38.7870613,-9.3935322,pond
38.7870737,-9.3935111,pond
38.7870905,-9.3934959,pond
38.7871605,-9.3934349,pond
38.7875831,-9.3933276,pond
38.7875747,-9.3933484,pond
38.7875719,-9.3933715,pond
38.787575,-9.3933946,pond
38.7875836,-9.3934152,pond
38.7875969,-9.3934313,pond
38.7876135,-9.393441,pond
38.7876316,-9.3934435,pond
38.7876495,-9.3934385,pond
38.7876677,-9.3934291,pond
38.7877856,-9.3933654,pond
38.7877947,-9.3933443,pond
38.7877985,-9.3933207,pond
38.7877966,-9.3932967,pond
38.7877893,-9.3932745,pond
38.7877772,-9.3932561,pond
38.7877614,-9.3932431,pond
38.7877433,-9.3932367,pond
38.7875831,-9.3933276,pond
38.7948081,-9.4194905,pond
38.7948547,-9.4194853,pond
38.7949505,-9.4192499,pond
38.794945,-9.4192166,pond
38.7948998,-9.4191849,pond
38.7948615,-9.419199,pond
38.794726,-9.419343,pond
38.794726,-9.4194027,pond
38.7948081,-9.4194905,pond
38.7851871,-9.3995213,pond
38.7851989,-9.3995411,pond
38.7851914,-9.3995641,pond
38.7851721,-9.3995672,pond
38.7851604,-9.3995474,pond
38.7851679,-9.3995244,pond
38.7851871,-9.3995213,pond
38.7866574,-9.3974878,pond
38.7866678,-9.3975207,pond
38.7866559,-9.3975528,pond
38.7866294,-9.3975632,pond
38.7866068,-9.3974915,pond
38.7866315,-9.3974753,pond
38.7866574,-9.3974878,pond
38.7856118,-9.3980881,pond
38.7855984,-9.3980827,pond
38.7855922,-9.3980666,pond
38.7855968,-9.3980497,pond
38.785608,-9.3980422,pond
38.7856203,-9.3980461,pond
38.7856279,-9.3980616,pond
38.7856243,-9.3980793,pond
38.7856118,-9.3980881,pond
38.7935095,-9.4202515,reservoir
38.7935352,-9.4201625,reservoir
38.7932964,-9.4200491,reservoir
38.7932707,-9.4201381,reservoir
38.7935095,-9.4202515,reservoir
38.7648212,-9.432387,reservoir
38.7647709,-9.4324269,reservoir
38.7646974,-9.4322744,reservoir
38.7647477,-9.4322346,reservoir
38.7648212,-9.432387,reservoir
38.7560223,-9.4070381,lake
38.7561039,-9.4070707,lake
38.7562231,-9.4071186,lake
38.7562984,-9.4071753,lake
38.7563402,-9.4073037,lake
38.7563256,-9.4074217,lake
38.7562838,-9.4075638,lake
38.7562336,-9.4076443,lake
38.7561834,-9.4076711,lake
38.7561185,-9.4076684,lake
38.756039,-9.4076416,lake
38.7559617,-9.4075669,lake
38.7559073,-9.4074784,lake
38.7558466,-9.4074056,lake
38.7558006,-9.4073868,lake
38.7557274,-9.4074217,lake
38.7556458,-9.4074458,lake
38.7555663,-9.4074512,lake
38.7554471,-9.4074029,lake
38.755399,-9.4073224,lake
38.7553676,-9.4071776,lake
38.7553614,-9.4070515,lake
38.7553802,-9.406942,lake
38.755422,-9.4068669,lake
38.7554325,-9.406781,lake
38.7554408,-9.4066952,lake
38.7555099,-9.4066442,lake
38.7555601,-9.4066438,lake
38.7556667,-9.4066818,lake
38.7557692,-9.4067511,lake
38.755855,-9.406837,lake
38.7559324,-9.4069259,lake
38.7559847,-9.4070006,lake
38.7560223,-9.4070381,lake
38.7498015,-9.4092992,lake
38.7498789,-9.409246,lake
38.7499584,-9.4091843,lake
38.7500023,-9.4091195,lake
38.7500546,-9.4090578,lake
38.7501111,-9.4090287,lake
38.7502157,-9.4090122,lake
38.7502826,-9.4089693,lake
38.7503935,-9.4088624,lake
38.7505504,-9.4087977,lake
38.7506424,-9.4087923,lake
38.7507324,-9.4088459,lake
38.7507512,-9.4089532,lake
38.750724,-9.4090256,lake
38.7506717,-9.4090739,lake
38.7506341,-9.4091276,lake
38.7506445,-9.4091973,lake
38.7506884,-9.4092487,lake
38.7507805,-9.4092992,lake
38.7508432,-9.409428,lake
38.7508495,-9.409554,lake
38.7507847,-9.4096291,lake
38.7507219,-9.4096506,lake
38.7506487,-9.4096533,lake
38.7505148,-9.4096238,lake
38.7503537,-9.4095165,lake
38.7502743,-9.4095219,lake
38.7501195,-9.4095379,lake
38.7499814,-9.4095326,lake
38.7498685,-9.4095326,lake
38.7498099,-9.4095115,lake
38.7497743,-9.4094579,lake
38.7497534,-9.4093747,lake
38.7497701,-9.4093318,lake
38.7498015,-9.4092992,lake
38.773353,-9.4655397,reservoir
38.7733684,-9.4655611,reservoir
38.7733787,-9.4655695,reservoir
38.773408,-9.4655847,reservoir
38.7734227,-9.4655888,reservoir
38.7734323,-9.465589,reservoir
38.7734537,-9.4655836,reservoir
38.7735124,-9.4655685,reservoir
38.7735299,-9.4655584,reservoir
38.7735461,-9.4655436,reservoir
38.7735572,-9.4655281,reservoir
38.7735612,-9.4655194,reservoir
38.773568,-9.4654924,reservoir
38.7735761,-9.4654113,reservoir
38.7735591,-9.4652272,reservoir
38.7735423,-9.4651455,reservoir
38.7735044,-9.4650282,reservoir
38.7734969,-9.4650148,reservoir
38.7734132,-9.4649373,reservoir
38.7733973,-9.4649316,reservoir
38.7733898,-9.464931,reservoir
38.7733009,-9.4649508,reservoir
38.773285,-9.4649585,reservoir
38.7732715,-9.4649702,reservoir
38.7732604,-9.464986,reservoir
38.7732421,-9.465035,reservoir
38.7732384,-9.4650561,reservoir
38.7732374,-9.4651053,reservoir
38.7732593,-9.4652752,reservoir
38.7733092,-9.4654563,reservoir
38.7733308,-9.4654878,reservoir
38.773353,-9.4655397,reservoir
38.7889848,-9.3924775,pond
38.789007,-9.3924653,pond
38.789016,-9.3924366,pond
38.7890065,-9.3924081,pond
38.7889841,-9.3923966,pond
38.7889619,-9.3924087,pond
38.7889529,-9.3924375,pond
38.7889624,-9.392466,pond
38.7889848,-9.3924775,pond
38.7844839,-9.3925514,basin
38.7843978,-9.392573,basin
38.7843853,-9.3924911,basin
38.7844714,-9.3924695,basin
38.7844839,-9.3925514,basin
38.7679435,-9.3932396,lake
38.7678094,-9.3931321,lake
38.7676318,-9.3931321,lake
38.7675044,-9.3932525,lake
38.7673468,-9.3934588,lake
38.767178,-9.3937001,lake
38.7671826,-9.3938544,lake
38.7670552,-9.3941123,lake
38.7669312,-9.3943875,lake
38.7672027,-9.3951484,lake
38.767501,-9.3950367,lake
38.767672,-9.3950195,lake
38.7678027,-9.39474,lake
38.767843,-9.3943488,lake
38.7678094,-9.3939403,lake
38.7678765,-9.3935534,lake
38.7679192,-9.3933533,lake
38.7679435,-9.3932396,lake
38.7860567,-9.3968842,pond
38.7860455,-9.3969078,pond
38.7860375,-9.3969065,pond
38.7860313,-9.3968999,pond
38.7860448,-9.3968715,pond
38.7860522,-9.3968756,pond
38.7860567,-9.3968842,pond
38.7877445,-9.3884174,pond
38.7877445,-9.3883235,pond
38.7876891,-9.3882725,pond
38.7876682,-9.3883423,pond
38.7877445,-9.3884174,pond
38.7829559,-9.3948792,pond
38.7829475,-9.3948269,pond
38.7829162,-9.3947907,pond
38.7828608,-9.394784,pond
38.7827437,-9.3948162,pond
38.7826935,-9.3948216,pond
38.7826527,-9.3948538,pond
38.7826653,-9.3948873,pond
38.7827008,-9.3949436,pond
38.7827573,-9.3949718,pond
38.7828231,-9.3949543,pond
38.7829224,-9.3949302,pond
38.782959,-9.3949074,pond
38.7829559,-9.3948792,pond
38.760364,-9.469951,reservoir
38.7603042,-9.4699533,reservoir
38.7603027,-9.4699106,reservoir
38.7603631,-9.4699085,reservoir
38.760364,-9.469951,reservoir
38.7325815,-9.4120475,pond
38.7325834,-9.4120452,pond
38.7325844,-9.4120422,pond
38.7325847,-9.4120389,pond
38.7325841,-9.4120358,pond
38.7325828,-9.4120331,pond
38.7325809,-9.412031,pond
38.7325785,-9.4120299,pond
38.7325761,-9.4120298,pond
38.7325737,-9.4120308,pond
38.7325717,-9.4120326,pond
38.7325702,-9.4120352,pond
38.7325695,-9.4120383,pond
38.7325696,-9.4120415,pond
38.7325704,-9.4120445,pond
38.732572,-9.4120469,pond
38.7325741,-9.4120486,pond
38.7325766,-9.4120494,pond
38.7325792,-9.412049,pond
38.7325815,-9.4120475,pond
38.7325775,-9.4121039,pond
38.7325748,-9.4121038,pond
38.7325724,-9.4121026,pond
38.7325703,-9.4121004,pond
38.7325689,-9.4120975,pond
38.7325683,-9.4120942,pond
38.7325685,-9.4120908,pond
38.7325696,-9.4120877,pond
38.7325715,-9.4120852,pond
38.7325738,-9.4120835,pond
38.7325764,-9.412083,pond
38.7325789,-9.4120834,pond
38.7325811,-9.4120848,pond
38.7325829,-9.4120869,pond
38.7325841,-9.4120897,pond
38.7325846,-9.4120928,pond
38.7325844,-9.4120959,pond
38.7325835,-9.4120989,pond
38.7325819,-9.4121013,pond
38.7325799,-9.412103,pond
38.7325775,-9.4121039,pond
38.7326331,-9.412127,pond
38.7326344,-9.4121271,pond
38.7326356,-9.4121278,pond
38.7326366,-9.4121289,pond
38.7326372,-9.4121304,pond
38.7326375,-9.4121321,pond
38.7326372,-9.4121338,pond
38.7326366,-9.4121353,pond
38.7326356,-9.4121364,pond
38.7326344,-9.4121371,pond
38.7326331,-9.4121372,pond
38.7326318,-9.4121368,pond
38.7326307,-9.4121359,pond
38.7326299,-9.4121346,pond
38.7326295,-9.412133,pond
38.7326295,-9.4121313,pond
38.7326299,-9.4121297,pond
38.7326307,-9.4121283,pond
38.7326318,-9.4121274,pond
38.7326331,-9.412127,pond
38.7202194,-9.4365344,reservoir
38.7202551,-9.436528,reservoir
38.7202905,-9.4365372,reservoir
38.7203216,-9.4365607,reservoir
38.7203448,-9.4365961,reservoir
38.7203577,-9.4366394,reservoir
38.7203587,-9.4366856,reservoir
38.7203483,-9.4367285,reservoir
38.7203277,-9.4367648,reservoir
38.7202991,-9.4367908,reservoir
38.7202655,-9.4368037,reservoir
38.7202305,-9.436802,reservoir
38.7201977,-9.4367861,reservoir
38.7201706,-9.4367576,reservoir
38.7201521,-9.4367195,reservoir
38.7201441,-9.4366757,reservoir
38.7201474,-9.436631,reservoir
38.7201623,-9.4365889,reservoir
38.7201872,-9.4365554,reservoir
38.7202194,-9.4365344,reservoir
38.7202586,-9.4362585,reservoir
38.7202835,-9.436256,reservoir
38.7203076,-9.4362639,reservoir
38.7203285,-9.4362815,reservoir
38.7203438,-9.4363067,reservoir
38.720352,-9.4363369,reservoir
38.7203521,-9.4363689,reservoir
38.720344,-9.4363995,reservoir
38.7203285,-9.4364251,reservoir
38.7203074,-9.4364428,reservoir
38.720283,-9.4364506,reservoir
38.7202578,-9.4364478,reservoir
38.7202348,-9.4364347,reservoir
38.7202164,-9.4364126,reservoir
38.7202046,-9.4363841,reservoir
38.7202007,-9.4363521,reservoir
38.7202051,-9.4363206,reservoir
38.7202172,-9.4362926,reservoir
38.7202357,-9.4362711,reservoir
38.7202586,-9.4362585,reservoir
38.7200938,-9.4363585,reservoir
38.7201212,-9.4363503,reservoir
38.7201492,-9.4363545,reservoir
38.7201744,-9.4363706,reservoir
38.7201938,-9.4363968,reservoir
38.7202051,-9.4364299,reservoir
38.720207,-9.4364659,reservoir
38.7201992,-9.4365006,reservoir
38.7201846,-9.4365273,reservoir
38.7201644,-9.436547,reservoir
38.7201403,-9.4365577,reservoir
38.7201149,-9.4365584,reservoir
38.7200906,-9.4365491,reservoir
38.7200696,-9.4365306,reservoir
38.7200541,-9.4365048,reservoir
38.7200456,-9.4364741,reservoir
38.7200448,-9.4364415,reservoir
38.7200532,-9.436407,reservoir
38.7200701,-9.4363782,reservoir
38.7200938,-9.4363585,reservoir
38.7749512,-9.3878438,pond
38.7749783,-9.3878113,pond
38.7750463,-9.3878113,pond
38.775138,-9.3877961,pond
38.7751942,-9.3877961,pond
38.7752188,-9.3878445,pond
38.7751972,-9.3878947,pond
38.7752067,-9.3879278,pond
38.7752356,-9.3879354,pond
38.7752597,-9.3879172,pond
38.7752844,-9.3878964,pond
38.7753063,-9.3878545,pond
38.7753381,-9.387833,pond
38.7753564,-9.3878637,pond
38.7753542,-9.3879085,pond
38.7753188,-9.3879555,pond
38.7752929,-9.3879657,pond
38.7752719,-9.3879818,pond
38.775237,-9.3880094,pond
38.7752192,-9.3880324,pond
38.7752058,-9.3880633,pond
38.7751986,-9.3880978,pond
38.7752026,-9.3881356,pond
38.7751985,-9.3881747,pond
38.7751892,-9.3882102,pond
38.7751615,-9.3882286,pond
38.7751346,-9.3881873,pond
38.7751239,-9.3881528,pond
38.7751392,-9.3881219,pond
38.7751354,-9.3880814,pond
38.7751109,-9.3880679,pond
38.775097,-9.3880815,pond
38.7750814,-9.3880643,pond
38.7750789,-9.3880336,pond
38.7750763,-9.3880016,pond
38.7750582,-9.3879704,pond
38.7750273,-9.3879188,pond
38.7749844,-9.3878981,pond
38.7749629,-9.3878775,pond
38.7749512,-9.3878438,pond
38.778146,-9.3896693,pond
38.7781277,-9.3896225,pond
38.7781338,-9.3895445,pond
38.7780851,-9.3894587,pond
38.7780426,-9.3894821,pond
38.7780213,-9.3895211,pond
38.7780365,-9.3895757,pond
38.7780091,-9.3895991,pond
38.7780031,-9.3896459,pond
38.7780031,-9.3897161,pond
38.7780269,-9.3897527,pond
38.7780487,-9.3898018,pond
38.7780912,-9.3898408,pond
38.7780943,-9.3897862,pond
38.7780851,-9.3897395,pond
38.7781216,-9.3897317,pond
38.7781457,-9.3897094,pond
38.778146,-9.3896693,pond
38.7711518,-9.3886468,pond
38.7711547,-9.3886677,pond
38.7711626,-9.3886863,pond
38.7711748,-9.3887008,pond
38.7711899,-9.3887095,pond
38.7712064,-9.3887115,pond
38.7712225,-9.3887068,pond
38.7712366,-9.3886956,pond
38.7712472,-9.3886793,pond
38.7712533,-9.3886587,pond
38.7712538,-9.3886366,pond
38.7712485,-9.3886156,pond
38.7712381,-9.388598,pond
38.7712238,-9.3885858,pond
38.7712071,-9.3885804,pond
38.7711899,-9.3885824,pond
38.7711742,-9.3885916,pond
38.7711618,-9.3886069,pond
38.7711543,-9.3886258,pond
38.7711518,-9.3886468,pond
38.7564832,-9.3899795,pond
38.7564864,-9.3900082,pond
38.756514,-9.3900259,pond
38.7565279,-9.39005,pond
38.7565334,-9.3900482,pond
38.7565305,-9.3900335,pond
38.7565328,-9.390008,pond
38.7565257,-9.3899835,pond
38.756516,-9.3899731,pond
38.7565052,-9.3899687,pond
38.7564928,-9.3899694,pond
38.7564832,-9.3899795,pond
38.7563495,-9.390055,pond
38.7563506,-9.3900817,pond
38.7563562,-9.3900942,pond
38.7563667,-9.3901,pond
38.7563829,-9.3901005,pond
38.756394,-9.3900974,pond
38.7563953,-9.3900905,pond
38.7563932,-9.3900562,pond
38.7563877,-9.3900436,pond
38.7563757,-9.3900371,pond
38.7563643,-9.390038,pond
38.7563527,-9.3900456,pond
38.7563495,-9.390055,pond
38.7565251,-9.3918165,pond
38.7565215,-9.3917918,pond
38.7565146,-9.3917859,pond
38.7564798,-9.3918112,pond
38.7564777,-9.3918208,pond
38.7564835,-9.3918301,pond
38.7564912,-9.3918307,pond
38.7565178,-9.3918245,pond
38.7565251,-9.3918165,pond
38.7565539,-9.3919157,pond
38.7565511,-9.3919079,pond
38.7565434,-9.391907,pond
38.7564905,-9.3919312,pond
38.7564848,-9.3919348,pond
38.7564826,-9.3919426,pond
38.7564917,-9.3919541,pond
38.7565196,-9.3919449,pond
38.7565273,-9.3919318,pond
38.7565519,-9.3919239,pond
38.7565539,-9.3919157,pond
38.7763345,-9.3914853,pond
38.7762969,-9.3914668,pond
38.7762509,-9.39146,pond
38.7761858,-9.3914743,pond
38.7761598,-9.3914886,pond
38.7761323,-9.3915373,pond
38.7761264,-9.3915802,pond
38.776136,-9.3915978,pond
38.7761519,-9.3916099,pond
38.7761699,-9.3916161,pond
38.7762244,-9.3916174,pond
38.7762509,-9.3916223,pond
38.7762557,-9.391629,pond
38.7762478,-9.3916616,pond
38.776198,-9.3917383,pond
38.7761811,-9.3917817,pond
38.7761811,-9.3917973,pond
38.7761896,-9.391815,pond
38.7762034,-9.3918244,pond
38.7762213,-9.3918265,pond
38.7762669,-9.3918238,pond
38.7762891,-9.3918109,pond
38.776305,-9.3917946,pond
38.7763568,-9.3917104,pond
38.7763833,-9.3916297,pond
38.7763838,-9.3915882,pond
38.7763759,-9.3915448,pond
38.7763664,-9.3915184,pond
38.7763557,-9.3915014,pond
38.7763345,-9.3914853,pond
38.7779109,-9.3903908,pond
38.7778858,-9.3903925,pond
38.7778295,-9.390427,pond
38.7777894,-9.390427,pond
38.7777546,-9.3904171,pond
38.7777287,-9.3904194,pond
38.7777163,-9.3904394,pond
38.7777188,-9.3904494,pond
38.7777643,-9.3904968,pond
38.7777688,-9.3905101,pond
38.7777629,-9.390517,pond
38.7777375,-9.3905064,pond
38.7776855,-9.3904643,pond
38.7776471,-9.3904431,pond
38.7776131,-9.3904419,pond
38.7775904,-9.3904508,pond
38.7775756,-9.3904621,pond
38.7774318,-9.3906241,pond
38.7773491,-9.3907438,pond
38.7773418,-9.3907669,pond
38.7773425,-9.39083,pond
38.7773539,-9.3908627,pond
38.7773646,-9.3908786,pond
38.7774013,-9.390921,pond
38.7774522,-9.3909646,pond
38.7775096,-9.3909939,pond
38.7775469,-9.3909995,pond
38.777566,-9.3909944,pond
38.7775892,-9.3909812,pond
38.7776433,-9.3909324,pond
38.7776963,-9.3908692,pond
38.7777251,-9.3908168,pond
38.7777655,-9.3907618,pond
38.7777828,-9.3907517,pond
38.7778227,-9.3907405,pond
38.7778497,-9.3907164,pond
38.7778808,-9.3906759,pond
38.7778985,-9.3906344,pond
38.7779216,-9.3905476,pond
38.7779532,-9.3904595,pond
38.7779559,-9.3904409,pond
38.7779534,-9.3904178,pond
38.7779445,-9.3904011,pond
38.7779109,-9.3903908,pond
38.7632294,-9.394911,pond
38.7632401,-9.3949372,pond
38.7632557,-9.3949536,pond
38.7632702,-9.3949603,pond
38.7633284,-9.394961,pond
38.763352,-9.3949506,pond
38.7633629,-9.3949364,pond
38.7633999,-9.3948568,pond
38.7634348,-9.3947617,pond
38.7634433,-9.3947095,pond
38.7634611,-9.3946349,pond
38.7634607,-9.3945916,pond
38.7634507,-9.3945192,pond
38.7634474,-9.3944598,pond
38.7634503,-9.3942645,pond
38.7634773,-9.3940847,pond
38.7634884,-9.3940446,pond
38.7635016,-9.3940129,pond
38.7635075,-9.3939467,pond
38.7635033,-9.3939374,pond
38.7635036,-9.3939255,pond
38.7635188,-9.3938948,pond
38.763527,-9.3938087,pond
38.7635341,-9.3937861,pond
38.7635322,-9.3936694,pond
38.763491,-9.3934973,pond
38.7634833,-9.3934868,pond
38.7634446,-9.3934563,pond
38.7634165,-9.393445,pond
38.7633834,-9.3934407,pond
38.7633675,-9.3934436,pond
38.7633535,-9.3934563,pond
38.7633395,-9.3934834,pond
38.7633225,-9.3935315,pond
38.7633042,-9.3936899,pond
38.7631948,-9.3940956,pond
38.7631733,-9.3941956,pond
38.7631549,-9.3943985,pond
38.7631388,-9.3946664,pond
38.7631534,-9.3947173,pond
38.7632213,-9.39484,pond
38.7632294,-9.394911,pond
38.7780944,-9.3893623,pond
38.7780832,-9.3893699,pond
38.7780782,-9.3893816,pond
38.7780777,-9.3894003,pond
38.7780825,-9.3894193,pond
38.7781056,-9.3894632,pond
38.7781271,-9.3894899,pond
38.7781313,-9.3895067,pond
38.7781258,-9.389521,pond
38.7781117,-9.3895292,pond
38.7780665,-9.3895183,pond
38.7780612,-9.389525,pond
38.7780552,-9.3895639,pond
38.7780524,-9.3896847,pond
38.7780405,-9.3897581,pond
38.7781047,-9.3898084,pond
38.7781254,-9.3898128,pond
38.7781357,-9.3898048,pond
38.7781443,-9.3897816,pond
38.7781533,-9.3896758,pond
38.7781912,-9.3895569,pond
38.7781955,-9.389468,pond
38.7781864,-9.3894283,pond
38.7781562,-9.3893808,pond
38.7781233,-9.3893623,pond
38.7780944,-9.3893623,pond
38.7651792,-9.4185325,pond
38.7651849,-9.4186134,pond
38.7652085,-9.4186558,pond
38.7652306,-9.418685,pond
38.7653179,-9.4187589,pond
38.7653568,-9.4187801,pond
38.7653717,-9.4187827,pond
38.7653757,-9.4187808,pond
38.7653761,-9.4187751,pond
38.7653698,-9.4187404,pond
38.7653714,-9.4187044,pond
38.7653917,-9.4185444,pond
38.7653917,-9.4185217,pond
38.7653859,-9.4185078,pond
38.7653755,-9.4185027,pond
38.7653671,-9.4185052,pond
38.7653383,-9.4185598,pond
38.7653179,-9.4185848,pond
38.7653001,-9.4185891,pond
38.7652814,-9.418582,pond
38.7652627,-9.4185623,pond
38.7652578,-9.41853,pond
38.7652734,-9.4184457,pond
38.7652719,-9.4184236,pond
38.7652661,-9.4184116,pond
38.7652537,-9.4184077,pond
38.765236,-9.4184101,pond
38.7652077,-9.41843,pond
38.7651938,-9.4184646,pond
38.7651792,-9.4185325,pond
38.7630075,-9.3964882,pond
38.7629947,-9.3964899,pond
38.7629908,-9.3965038,pond
38.7629935,-9.3965183,pond
38.7630073,-9.3965456,pond
38.7630105,-9.3965871,pond
38.7630144,-9.3965957,pond
38.763033,-9.3966091,pond
38.7630813,-9.3966237,pond
38.7631,-9.3966238,pond
38.7631094,-9.396616,pond
38.7631825,-9.3963913,pond
38.7631804,-9.3963822,pond
38.7631536,-9.3963838,pond
38.7631428,-9.3963912,pond
38.7630966,-9.3964965,pond
38.7630894,-9.3965023,pond
38.7630536,-9.3965046,pond
38.7630075,-9.3964882,pond
38.7614162,-9.3955922,pond
38.761443,-9.3956179,pond
38.7615155,-9.39567,pond
38.7616726,-9.3957596,pond
38.7616848,-9.3957769,pond
38.7617012,-9.3957822,pond
38.7617184,-9.395773,pond
38.7617209,-9.3957533,pond
38.7617257,-9.3957303,pond
38.7617274,-9.3956981,pond
38.7617147,-9.3956572,pond
38.7616924,-9.3956084,pond
38.7616773,-9.3955766,pond
38.7616617,-9.3955348,pond
38.7616188,-9.3954818,pond
38.7615645,-9.3954519,pond
38.7615288,-9.3954486,pond
38.7614994,-9.3954187,pond
38.7614663,-9.3953978,pond
38.7614323,-9.3953845,pond
38.7613802,-9.3953717,pond
38.761312,-9.3953751,pond
38.7612667,-9.3953914,pond
38.7612449,-9.3954223,pond
38.761254,-9.3954686,pond
38.7612818,-9.3954969,pond
38.7613384,-9.395511,pond
38.7613892,-9.3955466,pond
38.7614162,-9.3955922,pond
38.7669482,-9.3870856,pond
38.766895,-9.3870968,pond
38.7668625,-9.3870924,pond
38.7668349,-9.3870816,pond
38.7668004,-9.3870497,pond
38.7667677,-9.3870836,pond
38.7667411,-9.3870996,pond
38.7667174,-9.3871057,pond
38.766688,-9.3871048,pond
38.7666606,-9.3871663,pond
38.7666386,-9.3871939,pond
38.7666153,-9.3872059,pond
38.7665799,-9.3872136,pond
38.7665751,-9.3872195,pond
38.7665674,-9.3872381,pond
38.7665643,-9.3872929,pond
38.7665771,-9.3873356,pond
38.7665967,-9.3873549,pond
38.7666252,-9.3873726,pond
38.7666565,-9.3873514,pond
38.7666949,-9.3873504,pond
38.7667309,-9.3873643,pond
38.7667535,-9.3873884,pond
38.7667585,-9.3873993,pond
38.7667805,-9.3873712,pond
38.7667976,-9.3873602,pond
38.7668208,-9.3873535,pond
38.7668392,-9.3873547,pond
38.7668669,-9.3873686,pond
38.7668753,-9.3873279,pond
38.766895,-9.3872872,pond
38.766942,-9.387245,pond
38.7669775,-9.3872266,pond
38.7669889,-9.3872068,pond
38.7669973,-9.387181,pond
38.7669924,-9.3871372,pond
38.7669706,-9.3870936,pond
38.7669482,-9.3870856,pond
38.7804078,-9.4060466,pond
38.7804156,-9.4060277,pond
38.7804311,-9.4059457,pond
38.7804227,-9.4059331,pond
38.7803643,-9.4059094,pond
38.7803319,-9.4059968,pond
38.7803299,-9.4060109,pond
38.7804078,-9.4060466,pond
38.7626927,-9.3902957,pond
38.7627118,-9.3903111,pond
38.7627396,-9.3903501,pond
38.762778,-9.3903741,pond
38.7628107,-9.3903724,pond
38.7628225,-9.3903627,pond
38.7628337,-9.390351,pond
38.7628428,-9.3903142,pond
38.7628459,-9.3902605,pond
38.7628446,-9.3902182,pond
38.7628389,-9.3901803,pond
38.7628303,-9.3901626,pond
38.7628116,-9.390148,pond
38.7627869,-9.39015,pond
38.7626867,-9.3902491,pond
38.762675,-9.3902528,pond
38.7626493,-9.3902514,pond
38.762617,-9.3902329,pond
38.7625817,-9.3902024,pond
38.7625797,-9.3901963,pond
38.7625827,-9.3901762,pond
38.7625899,-9.3901609,pond
38.7626904,-9.3899897,pond
38.7627296,-9.3899845,pond
38.7627607,-9.3898558,pond
38.7628092,-9.3897376,pond
38.7628375,-9.3897148,pond
38.7628698,-9.3896728,pond
38.7628707,-9.3896217,pond
38.7628599,-9.3895807,pond
38.762852,-9.389556,pond
38.7628255,-9.3895061,pond
38.762761,-9.3894666,pond
38.7627211,-9.38946,pond
38.7626463,-9.3894632,pond
38.7626367,-9.3894697,pond
38.7626095,-9.3895173,pond
38.762607,-9.3895441,pond
38.7626204,-9.38973,pond
38.7626012,-9.3898594,pond
38.7625521,-9.3900133,pond
38.7625362,-9.3900491,pond
38.7625011,-9.3900985,pond
38.7624899,-9.3901311,pond
38.7624937,-9.3901507,pond
38.7625096,-9.3901747,pond
38.7625635,-9.3902193,pond
38.7626927,-9.3902957,pond
38.7633627,-9.3888243,pond
38.7633638,-9.3888053,pond
38.7634211,-9.3887063,pond
38.7634378,-9.3886577,pond
38.7634389,-9.3886309,pond
38.763428,-9.3886178,pond
38.7634036,-9.3886023,pond
38.7633448,-9.3886006,pond
38.7633125,-9.3885862,pond
38.7632762,-9.3885576,pond
38.7632333,-9.3885449,pond
38.7631636,-9.3885389,pond
38.7631476,-9.3885485,pond
38.7631361,-9.3885495,pond
38.7630894,-9.3885414,pond
38.7630799,-9.3885431,pond
38.7630734,-9.3885537,pond
38.7630721,-9.3885677,pond
38.763076,-9.3885846,pond
38.7631153,-9.3886489,pond
38.7631223,-9.3886653,pond
38.7631221,-9.388676,pond
38.7631208,-9.3886907,pond
38.7630668,-9.3888248,pond
38.7630558,-9.3889083,pond
38.7630563,-9.3889386,pond
38.7630633,-9.3889596,pond
38.7630751,-9.3889747,pond
38.7630881,-9.3889798,pond
38.7631061,-9.3889763,pond
38.763224,-9.388912,pond
38.7632476,-9.38891,pond
38.7632658,-9.3889212,pond
38.7633291,-9.3889956,pond
38.7633617,-9.389024,pond
38.7633758,-9.3890258,pond
38.7633932,-9.389019,pond
38.7634153,-9.3889961,pond
38.7634195,-9.388966,pond
38.7634137,-9.388939,pond
38.7633627,-9.3888243,pond
38.765678,-9.3908601,pond
38.7656907,-9.390856,pond
38.765774,-9.3907675,pond
38.7657752,-9.3907483,pond
38.7657649,-9.390731,pond
38.7657482,-9.3907243,pond
38.7657227,-9.3907236,pond
38.7657136,-9.3907247,pond
38.7656957,-9.3907374,pond
38.7656564,-9.3908,pond
38.7656553,-9.39083,pond
38.7656667,-9.3908526,pond
38.765678,-9.3908601,pond
38.7895222,-9.4200494,pond
38.7894241,-9.4200314,pond
38.7894013,-9.4200296,pond
38.7893779,-9.4200339,pond
38.7893537,-9.4200464,pond
38.7893435,-9.4200563,pond
38.7893305,-9.4200835,pond
38.7893326,-9.4201255,pond
38.7893488,-9.4201443,pond
38.7893976,-9.420166,pond
38.7895712,-9.4201853,pond
38.7895817,-9.4201779,pond
38.7895902,-9.4201586,pond
38.789591,-9.4201156,pond
38.7895819,-9.4200952,pond
38.7895593,-9.42007,pond
38.7895222,-9.4200494,pond
38.7915095,-9.407057,pond
38.7915046,-9.4070831,pond
38.7915137,-9.407154,pond
38.7915419,-9.4072334,pond
38.7915581,-9.4072601,pond
38.7916948,-9.4073807,pond
38.7917157,-9.4073889,pond
38.7917355,-9.4073889,pond
38.7917491,-9.4073835,pond
38.7917711,-9.4073564,pond
38.7918332,-9.4071008,pond
38.7918313,-9.4070815,pond
38.7918138,-9.4070494,pond
38.7916354,-9.4069386,pond
38.7916191,-9.4069366,pond
38.7915933,-9.4069405,pond
38.7915725,-9.4069556,pond
38.7915368,-9.4069979,pond
38.7915095,-9.407057,pond
38.7869912,-9.3935955,pond
38.7869753,-9.3935916,pond
38.786956,-9.3935939,pond
38.7867992,-9.3936285,pond
38.7867797,-9.393643,pond
38.7867655,-9.3936643,pond
38.7867581,-9.3936893,pond
38.7867578,-9.3937206,pond
38.7867641,-9.3937418,pond
38.786773,-9.3937568,pond
38.7867869,-9.3937691,pond
38.7868018,-9.3937713,pond
38.7868252,-9.3937677,pond
38.7868738,-9.3937246,pond
38.7869033,-9.3937073,pond
38.7869877,-9.3936724,pond
38.7870022,-9.3936542,pond
38.7870047,-9.3936283,pond
38.7869912,-9.3935955,pond
38.7866956,-9.3937136,pond
38.7866946,-9.3936867,pond
38.7866887,-9.3936581,pond
38.7866778,-9.3936383,pond
38.7866582,-9.3936209,pond
38.786604,-9.3935955,pond
38.786592,-9.3935856,pond
38.7865756,-9.3935416,pond
38.7865646,-9.3935281,pond
38.7865184,-9.3934946,pond
38.7864644,-9.3934311,pond
38.7864353,-9.3934125,pond
38.7864275,-9.393413,pond
38.7864158,-9.393428,pond
38.786418,-9.3934561,pond
38.7864311,-9.3934891,pond
38.7865305,-9.3936201,pond
38.7865426,-9.3936441,pond
38.7865338,-9.3936831,pond
38.7865153,-9.393699,pond
38.7864894,-9.3937126,pond
38.7864767,-9.3937271,pond
38.7864748,-9.3937362,pond
38.786481,-9.3937548,pond
38.7865054,-9.3937725,pond
38.7866298,-9.393789,pond
38.7866483,-9.3937885,pond
38.7866638,-9.3937837,pond
38.7866758,-9.3937696,pond
38.7866907,-9.3937274,pond
38.7866956,-9.3937136,pond
38.788847,-9.3927966,pond
38.7888613,-9.3927565,pond
38.7888627,-9.3927274,pond
38.7888533,-9.3926802,pond
38.788837,-9.392643,pond
38.7888013,-9.3926084,pond
38.788753,-9.3925884,pond
38.7886825,-9.3925794,pond
38.7886448,-9.3925913,pond
38.7885922,-9.3926341,pond
38.7884307,-9.3928151,pond
38.7880523,-9.3930909,pond
38.7880288,-9.3931209,pond
38.788021,-9.3931409,pond
38.788026,-9.3931646,pond
38.7880346,-9.39318,pond
38.7880737,-9.3931908,pond
38.7881399,-9.3931636,pond
38.7883988,-9.3930169,pond
38.7884828,-9.3929942,pond
38.7886414,-9.3929604,pond
38.7886849,-9.3929422,pond
38.7888008,-9.392883,pond
38.788847,-9.3927966,pond
38.7873925,-9.4014827,pond
38.7873812,-9.4014901,pond
38.787373,-9.4015104,pond
38.7873959,-9.4017746,pond
38.7874006,-9.4018786,pond
38.787392,-9.4019341,pond
38.7873783,-9.4019836,pond
38.7872637,-9.4022811,pond
38.7872436,-9.4023468,pond
38.7872414,-9.4023763,pond
38.7872465,-9.4024373,pond
38.7872689,-9.4025011,pond
38.787295,-9.4025528,pond
38.7873384,-9.4025934,pond
38.7873674,-9.4026063,pond
38.7873851,-9.4026072,pond
38.7874075,-9.4025665,pond
38.7874493,-9.4023864,pond
38.7874884,-9.4022763,pond
38.7875158,-9.4021742,pond
38.787527,-9.4020791,pond
38.7875268,-9.401958,pond
38.7874518,-9.4015192,pond
38.7874347,-9.4014891,pond
38.7874167,-9.4014822,pond
38.7873925,-9.4014827,pond
38.7909404,-9.4115503,pond
38.7910612,-9.4114744,pond
38.7910964,-9.4114159,pond
38.7911617,-9.4113362,pond
38.7911737,-9.411297,pond
38.7911707,-9.411249,pond
38.7909911,-9.4109394,pond
38.7909318,-9.4108753,pond
38.7909056,-9.4108552,pond
38.7908861,-9.4108571,pond
38.7908989,-9.4111668,pond
38.7909299,-9.4115368,pond
38.7909404,-9.4115503,pond
38.786705,-9.3977475,pond
38.7867125,-9.3977505,pond
38.786721,-9.3977468,pond
38.7867285,-9.39772,pond
38.7867285,-9.3976923,pond
38.7867181,-9.3976563,pond
38.7867132,-9.3976477,pond
38.7867035,-9.397645,pond
38.7866914,-9.3976467,pond
38.7866754,-9.3976608,pond
38.7866712,-9.3976914,pond
38.786705,-9.3977475,pond
38.7845812,-9.3944664,pond
38.7846232,-9.3945532,pond
38.7846481,-9.3945822,pond
38.784661,-9.3945857,pond
38.7846719,-9.3945854,pond
38.7846823,-9.3945749,pond
38.7846917,-9.3945509,pond
38.7846934,-9.3945352,pond
38.7846898,-9.394518,pond
38.7846479,-9.394477,pond
38.7846237,-9.3944297,pond
38.7846122,-9.3944205,pond
38.7845992,-9.3944233,pond
38.7845877,-9.3944337,pond
38.7845815,-9.3944485,pond
38.7845812,-9.3944664,pond
38.8043868,-9.390477,pond
38.8043926,-9.3904697,pond
38.8043979,-9.390446,pond
38.8043949,-9.3904319,pond
38.8043875,-9.3904192,pond
38.8043737,-9.3904091,pond
38.8043523,-9.390403,pond
38.8043322,-9.3904046,pond
38.8043177,-9.3904173,pond
38.8043071,-9.3904524,pond
38.804307,-9.3904812,pond
38.8043258,-9.3904875,pond
38.8043868,-9.390477,pond
38.8054613,-9.421554,pond
38.8054849,-9.4215756,pond
38.8054922,-9.4215745,pond
38.8055935,-9.4214532,pond
38.805612,-9.4214227,pond
38.8056151,-9.4213919,pond
38.8055993,-9.4213765,pond
38.8055706,-9.4213634,pond
38.8055418,-9.4213811,pond
38.805454,-9.4215087,pond
38.8054492,-9.4215288,pond
38.8054613,-9.421554,pond
38.7760642,-9.4499391,pond
38.7760405,-9.4499527,pond
38.776032,-9.4499643,pond
38.776027,-9.4499933,pond
38.7760323,-9.4500908,pond
38.7760348,-9.4501046,pond
38.7760406,-9.4501114,pond
38.7760541,-9.4501129,pond
38.77619,-9.4500424,pond
38.7761971,-9.4499582,pond
38.7761908,-9.449947,pond
38.7760642,-9.4499391,pond
38.7947236,-9.4283154,pond
38.7947385,-9.4283008,pond
38.79475,-9.4282746,pond
38.7947523,-9.4282593,pond
38.7947695,-9.4279919,pond
38.7947647,-9.4279785,pond
38.7947512,-9.4279653,pond
38.7946854,-9.4279615,pond
38.7946788,-9.4279639,pond
38.7946675,-9.4279828,pond
38.794639,-9.4282436,pond
38.7946378,-9.4282881,pond
38.7946456,-9.4283046,pond
38.7946617,-9.428314,pond
38.7947236,-9.4283154,pond
38.7941955,-9.448405,pond
38.7942247,-9.448393,pond
38.7942364,-9.4483747,pond
38.7942403,-9.4483571,pond
38.794236,-9.4483343,pond
38.7942096,-9.4483255,pond
38.7941901,-9.4483259,pond
38.794179,-9.448332,pond
38.7941683,-9.4483412,pond
38.7941601,-9.4483677,pond
38.7941694,-9.4483912,pond
38.7941955,-9.448405,pond
38.7923202,-9.4793054,pond
38.7923532,-9.4793044,pond
38.7923623,-9.4792993,pond
38.7923651,-9.4792837,pond
38.792362,-9.479272,pond
38.7923516,-9.4792593,pond
38.7923208,-9.4792429,pond
38.7923036,-9.47924,pond
38.7922872,-9.4792497,pond
38.7922836,-9.4792584,pond
38.792284,-9.4792775,pond
38.7922984,-9.4792967,pond
38.7923202,-9.4793054,pond
38.7590405,-9.4121118,pond
38.7590314,-9.4120969,pond
38.7590284,-9.4120454,pond
38.7590278,-9.4120437,pond
38.7590224,-9.4120295,pond
38.7590151,-9.4120267,pond
38.7589913,-9.412051,pond
38.75894,-9.4121494,pond
38.7589209,-9.4121707,pond
38.7588839,-9.4121912,pond
38.7588644,-9.412197,pond
38.7588303,-9.4121956,pond
38.7587902,-9.4121783,pond
38.7587804,-9.4121822,pond
38.7587797,-9.4122229,pond
38.7588049,-9.4123731,pond
38.7588072,-9.4124074,pond
38.7588142,-9.4125146,pond
38.7588194,-9.4125658,pond
38.7588236,-9.4125691,pond
38.7588404,-9.4125591,pond
38.7588946,-9.4124563,pond
38.7589371,-9.4123969,pond
38.7589591,-9.4123745,pond
38.7589844,-9.4123562,pond
38.7590398,-9.4123396,pond
38.7590466,-9.4123325,pond
38.7590626,-9.4122983,pond
38.759078,-9.4122827,pond
38.7591172,-9.4122607,pond
38.7591573,-9.4122447,pond
38.7591661,-9.4122352,pond
38.7591688,-9.4122242,pond
38.7591568,-9.4122,pond
38.7591025,-9.4121546,pond
38.7590405,-9.4121118,pond
38.781247,-9.3989469,pond
38.7812373,-9.398946,pond
38.781227,-9.398952,pond
38.7812184,-9.3989664,pond
38.7811892,-9.3990414,pond
38.7810966,-9.3993447,pond
38.7810957,-9.3993618,pond
38.7810966,-9.3993658,pond
38.7812993,-9.3994627,pond
38.7813091,-9.3994513,pond
38.7813291,-9.399409,pond
38.7813379,-9.3993827,pond
38.7813417,-9.3993454,pond
38.7813401,-9.3993305,pond
38.7812899,-9.3992749,pond
38.7812805,-9.3992458,pond
38.7812828,-9.3992104,pond
38.7812908,-9.3991898,pond
38.7813127,-9.3991674,pond
38.7813828,-9.3991665,pond
38.781392,-9.3991618,pond
38.781414,-9.3991318,pond
38.7814212,-9.3990987,pond
38.7814199,-9.3990622,pond
38.7814111,-9.3990381,pond
38.781247,-9.3989469,pond
38.7788802,-9.4021095,pond
38.7788859,-9.4021327,pond
38.7788866,-9.4021656,pond
38.7788914,-9.4021895,pond
38.7788997,-9.4022058,pond
38.7789088,-9.4022131,pond
38.7789314,-9.4022134,pond
38.7789534,-9.4021944,pond
38.7789831,-9.4021891,pond
38.779028,-9.4021479,pond
38.7790366,-9.4021364,pond
38.7790466,-9.4021095,pond
38.7790421,-9.4020599,pond
38.7790304,-9.402019,pond
38.7790317,-9.4019972,pond
38.7790437,-9.4019618,pond
38.7790602,-9.4019279,pond
38.7790594,-9.4019106,pond
38.7790554,-9.4019028,pond
38.7790394,-9.4018967,pond
38.7790322,-9.4019011,pond
38.7790266,-9.4019119,pond
38.7790169,-9.401964,pond
38.7790112,-9.4019743,pond
38.7790041,-9.4019806,pond
38.7789849,-9.4019822,pond
38.7789606,-9.4019953,pond
38.7789509,-9.4020055,pond
38.7789128,-9.4020752,pond
38.7788804,-9.4020907,pond
38.7788802,-9.4021095,pond
38.7656421,-9.3928038,pond
38.7656826,-9.3926498,pond
38.7656875,-9.392596,pond
38.7656859,-9.3925629,pond
38.7656771,-9.3924952,pond
38.7656552,-9.3924864,pond
38.7656438,-9.3924767,pond
38.7656146,-9.3924393,pond
38.7655453,-9.3924198,pond
38.7654572,-9.392417,pond
38.7654362,-9.3924288,pond
38.7654022,-9.3924827,pond
38.7653976,-9.3925073,pond
38.7653971,-9.3925514,pond
38.7654041,-9.3925777,pond
38.7654431,-9.3926448,pond
38.7654447,-9.3926661,pond
38.7654411,-9.392682,pond
38.765429,-9.3927013,pond
38.7654005,-9.3927216,pond
38.7653773,-9.3927205,pond
38.7653508,-9.3926952,pond
38.7653392,-9.3926747,pond
38.7653361,-9.3926564,pond
38.7653189,-9.3926471,pond
38.7652986,-9.3925932,pond
38.7652762,-9.3925681,pond
38.7652584,-9.3925602,pond
38.7652433,-9.3925603,pond
38.7652262,-9.3925679,pond
38.7651819,-9.3926034,pond
38.7651605,-9.3926265,pond
38.7651146,-9.3927063,pond
38.7650335,-9.3929609,pond
38.7650063,-9.3930185,pond
38.7649723,-9.3930731,pond
38.7649519,-9.3930892,pond
38.7649346,-9.3930942,pond
38.7649201,-9.3930894,pond
38.7649069,-9.3930704,pond
38.764893,-9.3930613,pond
38.7648692,-9.3930718,pond
38.7648403,-9.3931212,pond
38.7647606,-9.3932261,pond
38.7646462,-9.3933173,pond
38.7645729,-9.393394,pond
38.7645204,-9.3934573,pond
38.764488,-9.3935062,pond
38.7644807,-9.3935308,pond
38.7644811,-9.3935427,pond
38.7644889,-9.3935621,pond
38.7645392,-9.3936058,pond
38.7647533,-9.393625,pond
38.7647724,-9.3936223,pond
38.7647924,-9.3936121,pond
38.764986,-9.3934471,pond
38.7650106,-9.3934332,pond
38.7650396,-9.3934282,pond
38.7651127,-9.3934463,pond
38.7651543,-9.3934512,pond
38.7651911,-9.3934477,pond
38.7652055,-9.393441,pond
38.7652146,-9.3934232,pond
38.7652154,-9.3934074,pond
38.7652118,-9.3933998,pond
38.7652026,-9.393398,pond
38.7651762,-9.3934006,pond
38.7651282,-9.3934247,pond
38.7651079,-9.3934283,pond
38.7650895,-9.3934228,pond
38.7650851,-9.3934138,pond
38.7650848,-9.3933989,pond
38.7650957,-9.3933734,pond
38.7650934,-9.3933155,pond
38.7651051,-9.3932843,pond
38.765132,-9.3932589,pond
38.7651582,-9.3932572,pond
38.7652523,-9.3933081,pond
38.7652679,-9.3933089,pond
38.7652794,-9.3933047,pond
38.7653219,-9.3932676,pond
38.7653896,-9.3931833,pond
38.765529,-9.3929892,pond
38.7656044,-9.3928706,pond
38.7656421,-9.3928038,pond
38.7992948,-9.4043967,pond
38.7992819,-9.4043305,pond
38.7992709,-9.404302,pond
38.7992593,-9.4042832,pond
38.7992421,-9.4042722,pond
38.7992209,-9.4042686,pond
38.7992019,-9.4042694,pond
38.7991804,-9.404281,pond
38.7991638,-9.4043131,pond
38.7991659,-9.4043815,pond
38.7991741,-9.4044109,pond
38.7991838,-9.4044285,pond
38.7991934,-9.4044367,pond
38.7992107,-9.4044379,pond
38.799231,-9.4044302,pond
38.7992814,-9.4044259,pond
38.7992897,-9.4044203,pond
38.7992948,-9.4043967,pond
38.7992379,-9.4046762,pond
38.799248,-9.4046878,pond
38.7993585,-9.4046981,pond
38.7993858,-9.4046911,pond
38.799407,-9.4046578,pond
38.7994147,-9.4046387,pond
38.7994185,-9.4046087,pond
38.7994105,-9.4045812,pond
38.7993984,-9.4045496,pond
38.7993645,-9.4044876,pond
38.7993172,-9.4044578,pond
38.799264,-9.4044491,pond
38.7992394,-9.4044532,pond
38.799223,-9.4044644,pond
38.7991997,-9.4044993,pond
38.7991993,-9.4045201,pond
38.7992379,-9.4046762,pond
38.7946547,-9.4195033,pond
38.7946362,-9.419476,pond
38.7945945,-9.4193889,pond
38.7945756,-9.4193704,pond
38.7945535,-9.419367,pond
38.7945068,-9.4193795,pond
38.7944947,-9.4193898,pond
38.7944866,-9.4194154,pond
38.7944858,-9.4194288,pond
38.7944958,-9.4194757,pond
38.7945414,-9.4195672,pond
38.7946055,-9.4196443,pond
38.7946995,-9.4197299,pond
38.7947472,-9.4197514,pond
38.7947904,-9.4197452,pond
38.794807,-9.4197386,pond
38.7948148,-9.4197308,pond
38.7948192,-9.4197134,pond
38.7948144,-9.4196999,pond
38.7946547,-9.4195033,pond
38.802767,-9.3874958,pond
38.8027627,-9.3875056,pond
38.8027568,-9.3875059,pond
38.8027487,-9.3875006,pond
38.8027476,-9.3874908,pond
38.8027276,-9.3874931,pond
38.8027187,-9.387515,pond
38.8027182,-9.3875248,pond
38.8027361,-9.3876996,pond
38.8027438,-9.3877192,pond
38.8027559,-9.3877237,pond
38.8027713,-9.387715,pond
38.8027874,-9.3876947,pond
38.8028077,-9.3876543,pond
38.8028142,-9.3876292,pond
38.8028118,-9.3875974,pond
38.8027855,-9.3875101,pond
38.802779,-9.387501,pond
38.802767,-9.3874958,pond
38.7858199,-9.4444815,pond
38.7858103,-9.4444685,pond
38.7857721,-9.4444462,pond
38.785689,-9.4444359,pond
38.7856658,-9.4444403,pond
38.7856346,-9.4444556,pond
38.7856212,-9.4444683,pond
38.7856079,-9.4445023,pond
38.7856107,-9.4445422,pond
38.7856252,-9.4445672,pond
38.785652,-9.4445986,pond
38.78574,-9.4446772,pond
38.7857495,-9.4446825,pond
38.7857689,-9.4446828,pond
38.7857847,-9.4446802,pond
38.785797,-9.44467,pond
38.7858058,-9.4446548,pond
38.7858298,-9.4445682,pond
38.7858323,-9.4445443,pond
38.7858302,-9.4445221,pond
38.7858199,-9.4444815,pond
38.7853965,-9.478327,pond
38.7853895,-9.4783013,pond
38.7853767,-9.4783047,pond
38.7853645,-9.4783149,pond
38.7853618,-9.4783234,pond
38.7853843,-9.4783423,pond
38.7853952,-9.4783613,pond
38.7854007,-9.4783759,pond
38.7854019,-9.4783995,pond
38.785405,-9.4784019,pond
38.7854217,-9.4783859,pond
38.7854271,-9.4783695,pond
38.7853965,-9.478327,pond
38.8056533,-9.447033,pond
38.8056873,-9.4469973,pond
38.8056947,-9.4469846,pond
38.8056995,-9.446959,pond
38.8057003,-9.4469272,pond
38.8056957,-9.4469032,pond
38.8056862,-9.4468836,pond
38.8056667,-9.4468614,pond
38.805645,-9.44685,pond
38.8056277,-9.4468478,pond
38.8054692,-9.4468972,pond
38.8054531,-9.4469058,pond
38.8054416,-9.4469192,pond
38.8054393,-9.4469324,pond
38.8054502,-9.4469844,pond
38.8054687,-9.4470282,pond
38.8054816,-9.4470483,pond
38.8055084,-9.4470683,pond
38.8055639,-9.4470716,pond
38.8056156,-9.4470601,pond
38.8056533,-9.447033,pond
38.7665603,-9.4232006,reservoir
38.7665744,-9.4232082,reservoir
38.7665893,-9.4232159,reservoir
38.7666049,-9.4232209,reservoir
38.7666234,-9.4232251,reservoir
38.7666469,-9.4232285,reservoir
38.7666668,-9.4232326,reservoir
38.7666903,-9.4232396,reservoir
38.7668265,-9.4232954,reservoir
38.7669768,-9.4233588,reservoir
38.7670302,-9.4233793,reservoir
38.7670534,-9.4233883,reservoir
38.7670783,-9.4233972,reservoir
38.7671237,-9.4234102,reservoir
38.7671911,-9.4234414,reservoir
38.7672273,-9.4234533,reservoir
38.7672508,-9.4234584,reservoir
38.7672743,-9.4234637,reservoir
38.7672941,-9.4234697,reservoir
38.7673119,-9.4234738,reservoir
38.7673845,-9.4234886,reservoir
38.767413,-9.4234994,reservoir
38.7674364,-9.4235055,reservoir
38.7674471,-9.4235095,reservoir
38.7674562,-9.4235143,reservoir
38.7674633,-9.4235208,reservoir
38.7674687,-9.4235374,reservoir
38.7674685,-9.4235501,reservoir
38.7674617,-9.4235683,reservoir
38.767455,-9.4235873,reservoir
38.7674527,-9.423599,reservoir
38.7674509,-9.4236236,reservoir
38.7674495,-9.4236592,reservoir
38.7674465,-9.423671,reservoir
38.7674404,-9.4236863,reservoir
38.7674331,-9.4237016,reservoir
38.7674257,-9.4237142,reservoir
38.7674126,-9.4237248,reservoir
38.7673974,-9.4237389,reservoir
38.7673894,-9.4237451,reservoir
38.7673758,-9.4237521,reservoir
38.767355,-9.423757,reservoir
38.7673435,-9.4237576,reservoir
38.7673293,-9.4237545,reservoir
38.7673108,-9.4237503,reservoir
38.7670564,-9.4237169,reservoir
38.7669958,-9.4237125,reservoir
38.7669641,-9.4237254,reservoir
38.766951,-9.4237395,reservoir
38.7669473,-9.4237522,reservoir
38.7669434,-9.4237686,reservoir
38.7669367,-9.4237839,reservoir
38.7669294,-9.4237929,reservoir
38.7669163,-9.4238061,reservoir
38.7668933,-9.4238165,reservoir
38.7668838,-9.4238271,reservoir
38.7668801,-9.423838,reservoir
38.7668762,-9.4238598,reservoir
38.7668738,-9.4238688,reservoir
38.7668694,-9.4238769,reservoir
38.7668629,-9.4238822,reservoir
38.7668515,-9.4238837,reservoir
38.7667604,-9.4238621,reservoir
38.7667504,-9.423861,reservoir
38.7667382,-9.4238642,reservoir
38.7667274,-9.4238694,reservoir
38.7667095,-9.4238735,reservoir
38.7666988,-9.4238741,reservoir
38.7666717,-9.4238706,reservoir
38.7665447,-9.4238626,reservoir
38.7665326,-9.4238631,reservoir
38.7665175,-9.4238664,reservoir
38.7665016,-9.423876,reservoir
38.7664922,-9.4238813,reservoir
38.7664836,-9.4238883,reservoir
38.7664719,-9.4239008,reservoir
38.7664595,-9.4239196,reservoir
38.7664492,-9.4239376,reservoir
38.766436,-9.4239563,reservoir
38.7664241,-9.4239817,reservoir
38.7664174,-9.4240006,reservoir
38.7664113,-9.4240205,reservoir
38.7664104,-9.4240315,reservoir
38.7664166,-9.4240462,reservoir
38.7664235,-9.4240628,reservoir
38.7664308,-9.4240904,reservoir
38.7664348,-9.4241106,reservoir
38.7664365,-9.4241389,reservoir
38.7664423,-9.4241719,reservoir
38.7664472,-9.424183,reservoir
38.7664569,-9.4241969,reservoir
38.7664679,-9.4242219,reservoir
38.7664755,-9.4242385,reservoir
38.7664857,-9.4242634,reservoir
38.7664923,-9.4242973,reservoir
38.7664974,-9.4243358,reservoir
38.7665148,-9.4244476,reservoir
38.7665172,-9.424476,reservoir
38.7665131,-9.4245042,reservoir
38.76648,-9.4246428,reservoir
38.7664763,-9.4246555,reservoir
38.7664711,-9.4246645,reservoir
38.7664653,-9.4246689,reservoir
38.7664566,-9.4246733,reservoir
38.7664466,-9.4246748,reservoir
38.7664366,-9.4246719,reservoir
38.7664247,-9.4246642,reservoir
38.7663888,-9.4246304,reservoir
38.7663769,-9.4246127,reservoir
38.7663708,-9.4245943,reservoir
38.7663672,-9.4245541,reservoir
38.766365,-9.4244782,reservoir
38.766362,-9.4244444,reservoir
38.7663566,-9.4244268,reservoir
38.7663447,-9.4244093,reservoir
38.7662029,-9.4243078,reservoir
38.7661916,-9.4242965,reservoir
38.7661847,-9.4242872,reservoir
38.7661777,-9.4242769,reservoir
38.7661708,-9.424263,reservoir
38.7661642,-9.4242318,reservoir
38.7661587,-9.4242171,reservoir
38.766138,-9.4241782,reservoir
38.7661261,-9.4241642,reservoir
38.7660285,-9.4241041,reservoir
38.7659989,-9.4240804,reservoir
38.7659688,-9.4240477,reservoir
38.7659248,-9.4239862,reservoir
38.7657235,-9.4237669,reservoir
38.7656904,-9.4237406,reservoir
38.7656129,-9.4236227,reservoir
38.7655879,-9.4235973,reservoir
38.7655292,-9.4235785,reservoir
38.7654908,-9.4235641,reservoir
38.765443,-9.4235439,reservoir
38.7653993,-9.4235318,reservoir
38.765357,-9.423506,reservoir
38.7652977,-9.4234649,reservoir
38.7652529,-9.4234504,reservoir
38.7652306,-9.4234499,reservoir
38.7652115,-9.4234498,reservoir
38.7651943,-9.4234479,reservoir
38.7651748,-9.4234426,reservoir
38.7651518,-9.4234296,reservoir
38.7651207,-9.4234045,reservoir
38.7650797,-9.4233627,reservoir
38.7650554,-9.423341,reservoir
38.7650098,-9.4233111,reservoir
38.7649224,-9.4232744,reservoir
38.7648512,-9.4232465,reservoir
38.7648072,-9.4232232,reservoir
38.7647283,-9.4231958,reservoir
38.7646453,-9.4231685,reservoir
38.7645766,-9.4231458,reservoir
38.7645595,-9.423139,reservoir
38.7645275,-9.4231265,reservoir
38.7644695,-9.4231076,reservoir
38.7644401,-9.4230982,reservoir
38.7644219,-9.4230933,reservoir
38.7643973,-9.4230901,reservoir
38.764365,-9.4230895,reservoir
38.7643175,-9.423092,reservoir
38.7642735,-9.4230903,reservoir
38.7642515,-9.4230889,reservoir
38.7642222,-9.423081,reservoir
38.7641687,-9.4230549,reservoir
38.7641419,-9.4230321,reservoir
38.7641282,-9.4230191,reservoir
38.764103,-9.422993,reservoir
38.764082,-9.4229741,reservoir
38.7640699,-9.4229628,reservoir
38.7640539,-9.4229472,reservoir
38.7640307,-9.4229364,reservoir
38.7640123,-9.4229288,reservoir
38.7639921,-9.4229277,reservoir
38.7639732,-9.4229298,reservoir
38.763948,-9.422937,reservoir
38.7639255,-9.4229473,reservoir
38.7639132,-9.4229595,reservoir
38.7639027,-9.4229698,reservoir
38.7638924,-9.4229836,reservoir
38.7638908,-9.4229852,reservoir
38.7638828,-9.4229885,reservoir
38.7638765,-9.4229885,reservoir
38.7638693,-9.422987,reservoir
38.7638614,-9.4229848,reservoir
38.7638502,-9.422979,reservoir
38.7638383,-9.422969,reservoir
38.7638154,-9.4229523,reservoir
38.7637837,-9.4229337,reservoir
38.7637592,-9.4229264,reservoir
38.7637353,-9.4229233,reservoir
38.7637114,-9.4229267,reservoir
38.7636996,-9.4229299,reservoir
38.7636569,-9.4229458,reservoir
38.763843,-9.4223604,reservoir
38.7638567,-9.4223676,reservoir
38.763862,-9.4223688,reservoir
38.7638661,-9.4223684,reservoir
38.7638725,-9.4223656,reservoir
38.7638779,-9.4223601,reservoir
38.7638814,-9.4223529,reservoir
38.7638829,-9.4223453,reservoir
38.7638826,-9.4223383,reservoir
38.7638782,-9.4223261,reservoir
38.7638728,-9.4223203,reservoir
38.7638591,-9.4223128,reservoir
38.7639441,-9.4220408,reservoir
38.7639875,-9.4220607,reservoir
38.7639981,-9.4220372,reservoir
38.7645951,-9.4216658,reservoir
38.7646102,-9.4216627,reservoir
38.7646202,-9.4216611,reservoir
38.7646451,-9.4216618,reservoir
38.7646579,-9.4216658,reservoir
38.76467,-9.4216706,reservoir
38.7646827,-9.4216793,reservoir
38.7647172,-9.4217066,reservoir
38.7647461,-9.4217311,reservoir
38.764756,-9.4217367,reservoir
38.7647935,-9.421758,reservoir
38.7648559,-9.4217852,reservoir
38.7648756,-9.4218022,reservoir
38.7649108,-9.4218314,reservoir
38.7649405,-9.4218468,reservoir
38.7649682,-9.4218613,reservoir
38.7650474,-9.4219082,reservoir
38.76521,-9.42196,reservoir
38.7652625,-9.4219834,reservoir
38.7652893,-9.4220032,reservoir
38.7653309,-9.4220337,reservoir
38.7653514,-9.422046,reservoir
38.765374,-9.4220585,reservoir
38.7654003,-9.4220693,reservoir
38.7654187,-9.4220744,reservoir
38.7654394,-9.422075,reservoir
38.7654545,-9.4220735,reservoir
38.7654681,-9.4220711,reservoir
38.7654852,-9.4220707,reservoir
38.7654974,-9.422072,reservoir
38.7655095,-9.4220723,reservoir
38.7655245,-9.4220755,reservoir
38.7655693,-9.4220875,reservoir
38.7656069,-9.4221004,reservoir
38.765626,-9.422111,reservoir
38.7656472,-9.4221216,reservoir
38.7656763,-9.4221334,reservoir
38.7656962,-9.4221403,reservoir
38.765719,-9.4221436,reservoir
38.7657319,-9.4221432,reservoir
38.765742,-9.422137,reservoir
38.7657585,-9.4221302,reservoir
38.7658586,-9.4220407,reservoir
38.7658802,-9.4220294,reservoir
38.7658932,-9.4220197,reservoir
38.7659069,-9.4220119,reservoir
38.7659191,-9.4220058,reservoir
38.7659278,-9.4220007,reservoir
38.7659371,-9.421999,reservoir
38.7659495,-9.4219937,reservoir
38.7659566,-9.4219952,reservoir
38.7659626,-9.4219973,reservoir
38.765969,-9.422002,reservoir
38.7659805,-9.422016,reservoir
38.765986,-9.4220349,reservoir
38.765989,-9.4220459,reservoir
38.7659934,-9.4220593,reservoir
38.7659968,-9.4220689,reservoir
38.7660051,-9.4220883,reservoir
38.7660137,-9.422105,reservoir
38.7660191,-9.422122,reservoir
38.766022,-9.422144,reservoir
38.7660224,-9.4221617,reservoir
38.7660191,-9.4221886,reservoir
38.766016,-9.4221986,reservoir
38.7660123,-9.4222057,reservoir
38.7659686,-9.4222527,reservoir
38.7659649,-9.4222553,reservoir
38.7659518,-9.4222677,reservoir
38.7659417,-9.4222775,reservoir
38.7659293,-9.42229,reservoir
38.7659228,-9.4222952,reservoir
38.7659206,-9.422298,reservoir
38.7659176,-9.4223042,reservoir
38.7659132,-9.4223142,reservoir
38.7659102,-9.4223232,reservoir
38.7659085,-9.4223378,reservoir
38.7659073,-9.4223641,reservoir
38.7659097,-9.4223971,reservoir
38.7659158,-9.4224182,reservoir
38.7659219,-9.4224312,reservoir
38.7659311,-9.4224424,reservoir
38.7659401,-9.4224544,reservoir
38.765947,-9.4224675,reservoir
38.7659537,-9.4224942,reservoir
38.7659606,-9.4225126,reservoir
38.7659675,-9.4225236,reservoir
38.766024,-9.4226028,reservoir
38.7660746,-9.4226526,reservoir
38.766148,-9.4227057,reservoir
38.7662089,-9.4227365,reservoir
38.7662493,-9.422754,reservoir
38.7662883,-9.4227715,reservoir
38.7663095,-9.4227876,reservoir
38.7663192,-9.4227988,reservoir
38.7663303,-9.4228201,reservoir
38.7663363,-9.4228494,reservoir
38.7663414,-9.4229199,reservoir
38.7663501,-9.4229584,reservoir
38.7663564,-9.4229696,reservoir
38.7663781,-9.4229939,reservoir
38.7665264,-9.4231778,reservoir
38.766539,-9.423189,reservoir
38.7665603,-9.4232006,reservoir
38.7603364,-9.3981179,pond
38.760223,-9.3979792,pond
38.7601625,-9.3980599,pond
38.7602759,-9.3981986,pond
38.7603364,-9.3981179,pond
38.7584008,-9.3964293,pond
38.7583843,-9.3963748,pond
38.758313,-9.3964133,pond
38.7583295,-9.396469,pond
38.7584008,-9.3964293,pond
38.7717298,-9.3884881,pond
38.7717513,-9.3884964,pond
38.7717558,-9.3884756,pond
38.7717326,-9.3884683,pond
38.7717255,-9.3884773,pond
38.7717298,-9.3884881,pond
38.7675856,-9.3909984,pond
38.7676152,-9.3909844,pond
38.7676283,-9.3909668,pond
38.7676363,-9.3909446,pond
38.767638,-9.3909204,pond
38.7676338,-9.3909,pond
38.7676241,-9.3908861,pond
38.7676059,-9.390878,pond
38.7675914,-9.3908814,pond
38.7675694,-9.3908985,pond
38.7675569,-9.3909183,pond
38.7675498,-9.3909422,pond
38.7675495,-9.3909715,pond
38.7675562,-9.3909887,pond
38.7675666,-9.3909961,pond
38.7675856,-9.3909984,pond
38.7622747,-9.3981466,pond
38.7623105,-9.3982616,pond
38.7623979,-9.3982175,pond
38.7623638,-9.3981027,pond
38.7622747,-9.3981466,pond
38.7722615,-9.3866541,pond
38.7722605,-9.3865378,pond
38.7722258,-9.3865298,pond
38.7721396,-9.3865712,pond
38.7721321,-9.3865802,pond
38.7721282,-9.3866007,pond
38.7721339,-9.3866404,pond
38.7721449,-9.386653,pond
38.7722615,-9.3866541,pond
38.7997534,-9.3891005,pond
38.7997396,-9.3891237,pond
38.7997533,-9.389144,pond
38.7997599,-9.3891478,pond
38.7997778,-9.3891276,pond
38.7997787,-9.3891209,pond
38.7997612,-9.3890978,pond
38.7997534,-9.3891005,pond
38.8001727,-9.3892809,pond
38.8001779,-9.3893022,pond
38.8001926,-9.3893093,pond
38.8002027,-9.3893046,pond
38.8002086,-9.3892954,pond
38.8002103,-9.3892829,pond
38.8002054,-9.3892688,pond
38.8001961,-9.3892617,pond
38.8001865,-9.3892617,pond
38.800178,-9.389268,pond
38.8001727,-9.3892809,pond
38.8004336,-9.3869226,pond
38.8004229,-9.3869244,pond
38.8004174,-9.3869363,pond
38.8004211,-9.3869492,pond
38.8004314,-9.3869535,pond
38.8004404,-9.386946,pond
38.8004414,-9.3869322,pond
38.8004336,-9.3869226,pond
38.7936864,-9.3941882,pond
38.7936841,-9.3941728,pond
38.7936774,-9.3941597,pond
38.7936671,-9.394151,pond
38.793655,-9.3941481,pond
38.7936376,-9.3941554,pond
38.7936265,-9.394174,pond
38.7936255,-9.3941973,pond
38.793635,-9.3942173,pond
38.7936517,-9.3942269,pond
38.7936696,-9.3942227,pond
38.7936827,-9.3942064,pond
38.7936864,-9.3941882,pond
38.7941924,-9.4219909,pond
38.7941796,-9.4219871,pond
38.7941684,-9.4219961,pond
38.7941654,-9.4220125,pond
38.7941724,-9.4220269,pond
38.7941853,-9.4220307,pond
38.7941964,-9.4220217,pond
38.7941994,-9.4220052,pond
38.7941924,-9.4219909,pond
38.7963695,-9.4219254,pond
38.796351,-9.4219223,pond
38.7963438,-9.4219263,pond
38.7963396,-9.4219434,pond
38.7963438,-9.4219533,pond
38.7963772,-9.4219831,pond
38.7963934,-9.4220165,pond
38.7964076,-9.4220234,pond
38.7964133,-9.4220213,pond
38.7964172,-9.422013,pond
38.7964156,-9.4219897,pond
38.7963898,-9.4219392,pond
38.7963695,-9.4219254,pond
38.8048628,-9.4207916,pond
38.8049539,-9.4206358,pond
38.8049529,-9.4206181,pond
38.8049026,-9.4205757,pond
38.8048919,-9.4205741,pond
38.8048869,-9.4205756,pond
38.8047787,-9.4207414,pond
38.8047762,-9.4207521,pond
38.8047794,-9.4207672,pond
38.8048289,-9.4208101,pond
38.8048437,-9.4208114,pond
38.8048628,-9.4207916,pond
38.8022687,-9.3945645,pond
38.8022604,-9.3945611,pond
38.80225,-9.3945668,pond
38.8022488,-9.394575,pond
38.80226,-9.3945801,pond
38.8022705,-9.3945735,pond
38.8022687,-9.3945645,pond
38.8022568,-9.3879083,pond
38.8022631,-9.3878992,pond
38.8022632,-9.3878877,pond
38.8022572,-9.3878786,pond
38.8022492,-9.3878766,pond
38.8022401,-9.3878837,pond
38.8022384,-9.387899,pond
38.8022456,-9.3879088,pond
38.8022568,-9.3879083,pond
38.8013643,-9.3877551,pond
38.8013713,-9.3877656,pond
38.8013789,-9.38776,pond
38.8013777,-9.3877495,pond
38.8013689,-9.3877469,pond
38.8013643,-9.3877551,pond
38.7969164,-9.3974512,pond
38.7969062,-9.3974445,pond
38.7968979,-9.3974505,pond
38.796897,-9.3974646,pond
38.7969067,-9.3974727,pond
38.7969165,-9.3974658,pond
38.7969164,-9.3974512,pond
38.7973042,-9.3972415,pond
38.7973156,-9.3972508,pond
38.797326,-9.3972519,pond
38.7973327,-9.3972437,pond
38.7973355,-9.3972299,pond
38.7973294,-9.3971639,pond
38.7973216,-9.3971501,pond
38.7973135,-9.3971442,pond
38.797306,-9.3971537,pond
38.7973139,-9.3971964,pond
38.7973023,-9.3972257,pond
38.7973042,-9.3972415,pond
38.7971551,-9.3967508,pond
38.7971588,-9.3967548,pond
38.7971721,-9.3967556,pond
38.7971757,-9.3967512,pond
38.7971792,-9.3967334,pond
38.7971772,-9.3967213,pond
38.7971692,-9.3967093,pond
38.797162,-9.3967079,pond
38.7971541,-9.3967182,pond
38.7971551,-9.3967508,pond
38.7959372,-9.3883134,pond
38.7959409,-9.3883208,pond
38.7959465,-9.3883209,pond
38.7959504,-9.3883141,pond
38.795945,-9.3883049,pond
38.7959406,-9.3883058,pond
38.7959372,-9.3883134,pond
38.7956585,-9.3912687,pond
38.7956633,-9.391275,pond
38.7956724,-9.3912718,pond
38.7956742,-9.3912635,pond
38.7956673,-9.3912548,pond
38.7956609,-9.3912571,pond
38.7956585,-9.3912687,pond
38.7958059,-9.3927309,pond
38.7958196,-9.3927354,pond
38.79583,-9.3927314,pond
38.7958345,-9.3927199,pond
38.7958311,-9.3927059,pond
38.7958059,-9.3927309,pond
38.7956335,-9.3895602,pond
38.7956172,-9.389551,pond
38.7956037,-9.3895618,pond
38.7956001,-9.3895712,pond
38.7955988,-9.3895808,pond
38.7956024,-9.389594,pond
38.7956172,-9.3896054,pond
38.7956293,-9.3896011,pond
38.7956355,-9.3895888,pond
38.7956335,-9.3895602,pond
38.796026,-9.391036,pond
38.7960287,-9.3910259,pond
38.7960257,-9.3910142,pond
38.796013,-9.3910079,pond
38.7960029,-9.3910167,pond
38.7960019,-9.3910315,pond
38.7960128,-9.3910429,pond
38.796026,-9.391036,pond
38.7695303,-9.4760048,pond
38.7695184,-9.4759967,pond
38.7695065,-9.4760064,pond
38.7695073,-9.4760233,pond
38.7695189,-9.4760314,pond
38.7695305,-9.4760229,pond
38.7695303,-9.4760048,pond
38.8045297,-9.4385684,pond
38.804444,-9.4387344,pond
38.8044136,-9.4388018,pond
38.8044117,-9.4388185,pond
38.8044113,-9.4388387,pond
38.8044178,-9.4388569,pond
38.8044294,-9.4388705,pond
38.804455,-9.4388879,pond
38.8045054,-9.4389034,pond
38.8045192,-9.4389011,pond
38.8045475,-9.438877,pond
38.8046344,-9.4387162,pond
38.8046374,-9.4386922,pond
38.8046355,-9.4386642,pond
38.8046245,-9.4386296,pond
38.8046022,-9.4385947,pond
38.8045893,-9.4385822,pond
38.804553,-9.4385612,pond
38.8045365,-9.4385613,pond
38.8045297,-9.4385684,pond
38.7538049,-9.3973312,pond
38.7537992,-9.397338,pond
38.7537976,-9.3973501,pond
38.7538021,-9.3973597,pond
38.7538102,-9.3973638,pond
38.7538201,-9.3973591,pond
38.7538241,-9.3973442,pond
38.7538178,-9.397332,pond
38.7538049,-9.3973312,pond
38.7579538,-9.3963476,pond
38.7579878,-9.3963345,pond
38.7579943,-9.3963238,pond
38.7579956,-9.3963103,pond
38.7579886,-9.3962913,pond
38.7579773,-9.3962785,pond
38.757963,-9.396272,pond
38.7579421,-9.3962714,pond
38.757893,-9.3962806,pond
38.7578761,-9.3962924,pond
38.7578727,-9.396302,pond
38.7579049,-9.3963596,pond
38.7579049,-9.3963753,pond
38.7578925,-9.3963989,pond
38.7579006,-9.3964155,pond
38.7579167,-9.3964147,pond
38.7579306,-9.3964042,pond
38.7579444,-9.3963801,pond
38.7579538,-9.3963476,pond
38.771329,-9.3886689,pond
38.7713139,-9.3886783,pond
38.7713011,-9.3886956,pond
38.7712947,-9.3887156,pond
38.7712942,-9.3887395,pond
38.7712998,-9.3887597,pond
38.7713104,-9.3887765,pond
38.7713267,-9.3887884,pond
38.7713432,-9.3887918,pond
38.771365,-9.3887849,pond
38.7713797,-9.3887702,pond
38.7713896,-9.3887473,pond
38.7713913,-9.388721,pond
38.7713824,-9.3886924,pond
38.7713687,-9.388676,pond
38.7713513,-9.3886674,pond
38.771329,-9.3886689,pond
38.7622604,-9.3977559,pond
38.7622435,-9.3977484,pond
38.7622316,-9.39776,pond
38.76223,-9.3977672,pond
38.7622341,-9.39778,pond
38.7622489,-9.3977865,pond
38.7622615,-9.3977719,pond
38.7622604,-9.3977559,pond
38.7625592,-9.3970663,pond
38.762575,-9.3970902,pond
38.7625917,-9.3970697,pond
38.7625753,-9.3970459,pond
38.7625592,-9.3970663,pond
38.7622265,-9.3976073,pond
38.7622101,-9.3975593,pond
38.7620969,-9.3976223,pond
38.7621133,-9.3976703,pond
38.7622265,-9.3976073,pond
38.7618849,-9.3987789,pond
38.7618728,-9.3987797,pond
38.7618658,-9.3987925,pond
38.7618694,-9.3988073,pond
38.7618809,-9.3988127,pond
38.7618892,-9.3988075,pond
38.7618932,-9.3987968,pond
38.7618909,-9.3987854,pond
38.7618849,-9.3987789,pond
38.8035519,-9.386658,pond
38.8035464,-9.3866519,pond
38.8035422,-9.386664,pond
38.8035519,-9.386658,pond
38.7969922,-9.3957111,pond
38.7969978,-9.3957013,pond
38.7969948,-9.3956906,pond
38.7969856,-9.3956877,pond
38.7969792,-9.3956972,pond
38.7969831,-9.3957094,pond
38.7969922,-9.3957111,pond
38.7978892,-9.3912912,pond
38.7978886,-9.3913108,pond
38.7979017,-9.3913206,pond
38.7979149,-9.39131,pond
38.7979152,-9.391294,pond
38.797903,-9.3912827,pond
38.7978892,-9.3912912,pond
38.7974498,-9.3905412,pond
38.7974495,-9.3905596,pond
38.797462,-9.3905684,pond
38.7974742,-9.3905583,pond
38.7974731,-9.3905404,pond
38.7974627,-9.3905329,pond
38.7974498,-9.3905412,pond
38.7983608,-9.3896089,pond
38.7983619,-9.3895998,pond
38.798354,-9.3895932,pond
38.7983477,-9.3895986,pond
38.7983478,-9.3896077,pond
38.7983541,-9.3896129,pond
38.7983608,-9.3896089,pond
38.7982059,-9.3886622,pond
38.7982028,-9.3886638,pond
38.7982043,-9.388668,pond
38.7982059,-9.3886622,pond
38.7982013,-9.3886698,pond
38.7982036,-9.3886754,pond
38.7982059,-9.388671,pond
38.7982013,-9.3886698,pond
38.8005946,-9.3889499,pond
38.8006008,-9.3889664,pond
38.8006094,-9.3889729,pond
38.8006187,-9.3889705,pond
38.8006241,-9.3889623,pond
38.8006201,-9.3889375,pond
38.800606,-9.3889245,pond
38.8005971,-9.3889271,pond
38.8005946,-9.3889499,pond
38.7980657,-9.3876783,pond
38.7980895,-9.3876751,pond
38.7980897,-9.3876664,pond
38.7980825,-9.3876644,pond
38.7980782,-9.3876535,pond
38.7980694,-9.3876479,pond
38.7980497,-9.3876513,pond
38.7980489,-9.3876622,pond
38.7980565,-9.387662,pond
38.7980657,-9.3876783,pond
38.796331,-9.3954496,pond
38.7963252,-9.3954631,pond
38.7963243,-9.3954808,pond
38.7963301,-9.3954976,pond
38.7963405,-9.3955084,pond
38.7963517,-9.3955122,pond
38.7963642,-9.3955096,pond
38.7963759,-9.395499,pond
38.7963823,-9.3954828,pond
38.7963825,-9.3954666,pond
38.7963778,-9.395453,pond
38.796368,-9.3954414,pond
38.7963541,-9.3954366,pond
38.7963406,-9.3954403,pond
38.796331,-9.3954496,pond
38.7944769,-9.3913775,pond
38.7944699,-9.3913796,pond
38.7944737,-9.3913882,pond
38.7944783,-9.3913846,pond
38.7944769,-9.3913775,pond
38.7966744,-9.3920555,pond
38.7966819,-9.3920566,pond
38.7966859,-9.3920505,pond
38.7966851,-9.3920432,pond
38.7966794,-9.3920387,pond
38.7966716,-9.3920465,pond
38.7966744,-9.3920555,pond
38.7955478,-9.3914828,pond
38.7955438,-9.3914985,pond
38.795545,-9.3915094,pond
38.7955497,-9.3915141,pond
38.7955568,-9.3914972,pond
38.795554,-9.391483,pond
38.7955478,-9.3914828,pond
38.7955423,-9.3911338,pond
38.7955313,-9.3911313,pond
38.7955259,-9.3911373,pond
38.7955248,-9.3911479,pond
38.7955338,-9.3911578,pond
38.7955418,-9.3911552,pond
38.7955458,-9.3911475,pond
38.7955423,-9.3911338,pond
38.7958464,-9.3897731,pond
38.7958537,-9.3897726,pond
38.7958596,-9.3897591,pond
38.7958534,-9.3897441,pond
38.7958482,-9.3897416,pond
38.7958386,-9.3897583,pond
38.7958464,-9.3897731,pond
38.7962482,-9.3886709,pond
38.7962509,-9.3886629,pond
38.7962475,-9.3886519,pond
38.7962398,-9.3886466,pond
38.7962319,-9.3886509,pond
38.7962282,-9.3886618,pond
38.7962314,-9.3886713,pond
38.7962406,-9.3886769,pond
38.7962482,-9.3886709,pond
38.7965273,-9.3897821,pond
38.7965332,-9.3897761,pond
38.7965351,-9.3897655,pond
38.7965317,-9.3897566,pond
38.796521,-9.3897524,pond
38.7965137,-9.3897579,pond
38.7965113,-9.3897712,pond
38.796516,-9.3897802,pond
38.7965273,-9.3897821,pond
38.8028535,-9.4130777,pond
38.8028444,-9.4130803,pond
38.8028449,-9.4130884,pond
38.8028494,-9.4130916,pond
38.8028555,-9.4130864,pond
38.8028535,-9.4130777,pond
38.7939847,-9.4203354,pond
38.793967,-9.4203295,pond
38.793952,-9.420342,pond
38.7939466,-9.420364,pond
38.7939558,-9.4203844,pond
38.7939734,-9.4203903,pond
38.7939894,-9.4203785,pond
38.793994,-9.4203557,pond
38.7939847,-9.4203354,pond
38.798856,-9.4361513,pond
38.7988534,-9.4361685,pond
38.7988693,-9.4361724,pond
38.7988719,-9.4361551,pond
38.798856,-9.4361513,pond
38.7989439,-9.4361764,pond
38.7989412,-9.4361928,pond
38.7989579,-9.4361972,pond
38.7989606,-9.4361807,pond
38.7989439,-9.4361764,pond
38.7990781,-9.4362093,pond
38.799073,-9.4362268,pond
38.7990874,-9.4362337,pond
38.7990925,-9.4362161,pond
38.7990781,-9.4362093,pond
38.7991627,-9.4362478,pond
38.7991568,-9.4362678,pond
38.7991721,-9.4362751,pond
38.7991779,-9.436255,pond
38.7991627,-9.4362478,pond
38.7992474,-9.4362879,pond
38.7992421,-9.4363075,pond
38.7992573,-9.4363143,pond
38.7992627,-9.4362946,pond
38.7992474,-9.4362879,pond
38.7991186,-9.4366139,pond
38.7991267,-9.4365852,pond
38.7991064,-9.4365758,pond
38.7990982,-9.4366044,pond
38.7991186,-9.4366139,pond
38.8011499,-9.4298289,pond
38.8011521,-9.4298116,pond
38.8011404,-9.4298017,pond
38.8011298,-9.4298089,pond
38.8011289,-9.4298253,pond
38.8011387,-9.4298342,pond
38.8011499,-9.4298289,pond
38.7901258,-9.4678082,pond
38.7901558,-9.467806,pond
38.7901619,-9.4678002,pond
38.7901709,-9.4677771,pond
38.7901667,-9.4677595,pond
38.7901494,-9.4677426,pond
38.790139,-9.46774,pond
38.7901198,-9.4677462,pond
38.7901153,-9.4677558,pond
38.7901128,-9.4677819,pond
38.7901151,-9.4677925,pond
38.7901258,-9.4678082,pond
38.7936146,-9.4289817,pond
38.7936173,-9.4290096,pond
38.7936275,-9.4290189,pond
38.7936397,-9.4290099,pond
38.7936417,-9.4289977,pond
38.7936389,-9.4289828,pond
38.7936341,-9.4289745,pond
38.7936263,-9.4289706,pond
38.7936186,-9.428974,pond
38.7936146,-9.4289817,pond
38.7983941,-9.4368584,pond
38.798402,-9.4368615,pond
38.7984082,-9.4368546,pond
38.7984074,-9.436845,pond
38.7984,-9.4368401,pond
38.7983922,-9.4368473,pond
38.7983941,-9.4368584,pond
38.7947241,-9.4340137,pond
38.7947316,-9.4340175,pond
38.7947377,-9.4340121,pond
38.7947376,-9.4340018,pond
38.7947313,-9.4339967,pond
38.7947235,-9.4340017,pond
38.7947241,-9.4340137,pond
38.7956728,-9.4289399,pond
38.7956741,-9.4289193,pond
38.7956664,-9.4289051,pond
38.7956585,-9.4289017,pond
38.7956437,-9.4289144,pond
38.795642,-9.4289385,pond
38.7956547,-9.4289536,pond
38.7956627,-9.4289517,pond
38.7956728,-9.4289399,pond
38.7940261,-9.4267417,pond
38.7940333,-9.4267486,pond
38.7940414,-9.4267435,pond
38.7940417,-9.4267323,pond
38.7940338,-9.4267267,pond
38.7940271,-9.4267313,pond
38.7940261,-9.4267417,pond
38.8045225,-9.4489629,pond
38.8045304,-9.4489745,pond
38.8045375,-9.4489762,pond
38.8045494,-9.4489668,pond
38.8045498,-9.4489489,pond
38.8045383,-9.4489387,pond
38.8045253,-9.4489454,pond
38.8045225,-9.4489629,pond
38.7984375,-9.438792,pond
38.7984209,-9.4388002,pond
38.7984268,-9.4388201,pond
38.7984431,-9.4388126,pond
38.7984375,-9.438792,pond
38.7738136,-9.4593694,reservoir
38.7737891,-9.4592307,reservoir
38.7736793,-9.4593162,reservoir
38.7736418,-9.4594572,reservoir
38.7736935,-9.4594308,reservoir
38.7738136,-9.4593694,reservoir
38.7107119,-9.4392038,pond
38.7106726,-9.4391809,pond
38.710675,-9.4391347,pond
38.710693,-9.4391038,pond
38.7107239,-9.4390518,pond
38.7107185,-9.4390192,pond
38.7107423,-9.4390013,pond
38.7107475,-9.4389829,pond
38.7107447,-9.4389618,pond
38.7107342,-9.43895,pond
38.7107261,-9.4389368,pond
38.7107245,-9.4389188,pond
38.7107407,-9.4389082,pond
38.7108017,-9.4389179,pond
38.7108323,-9.4389326,pond
38.7108437,-9.4389179,pond
38.7108609,-9.4389033,pond
38.7108685,-9.4389228,pond
38.7108972,-9.4389228,pond
38.7109353,-9.4389106,pond
38.7109697,-9.4388984,pond
38.7110155,-9.4389204,pond
38.7110918,-9.4389253,pond
38.7111299,-9.4389595,pond
38.7111624,-9.4389815,pond
38.7112254,-9.4390109,pond
38.7112368,-9.4391478,pond
38.7112425,-9.4391698,pond
38.711254,-9.4392212,pond
38.711254,-9.4392456,pond
38.7112368,-9.4392823,pond
38.7112349,-9.4393165,pond
38.7112444,-9.4393386,pond
38.7112554,-9.4393482,pond
38.7112628,-9.4393457,pond
38.7112788,-9.439367,pond
38.7112874,-9.439367,pond
38.7112914,-9.4393619,pond
38.7113061,-9.4393739,pond
38.7113174,-9.4393986,pond
38.7113515,-9.4394192,pond
38.7113748,-9.4394294,pond
38.7113868,-9.439438,pond
38.7113881,-9.4394516,pond
38.7113861,-9.4394602,pond
38.7113735,-9.4394764,pond
38.7113721,-9.4394858,pond
38.7113668,-9.4394892,pond
38.7112608,-9.4394858,pond
38.7112007,-9.4394756,pond
38.7111867,-9.4394756,pond
38.7111734,-9.4394858,pond
38.7111607,-9.4395063,pond
38.7111507,-9.4395149,pond
38.7111254,-9.4395149,pond
38.7110674,-9.4394892,pond
38.7110113,-9.439473,pond
38.710934,-9.4394234,pond
38.710892,-9.4393824,pond
38.7108139,-9.4393363,pond
38.7107813,-9.4392978,pond
38.7107786,-9.4392798,pond
38.7107879,-9.4392465,pond
38.7107886,-9.4392363,pond
38.7107606,-9.4392089,pond
38.7107119,-9.4392038,pond
38.7506261,-9.4079466,lake
38.7506576,-9.4078353,lake
38.7507007,-9.4077225,lake
38.7507605,-9.4075799,lake
38.750797,-9.4074819,lake
38.7508623,-9.4073498,lake
38.750875,-9.407252,lake
38.7508999,-9.407186,lake
38.7509215,-9.4071136,lake
38.7508933,-9.4070327,lake
38.7508352,-9.4070264,lake
38.7507439,-9.4071243,lake
38.7507168,-9.4071969,lake
38.7506759,-9.4072634,lake
38.7506121,-9.4073189,lake
38.7505264,-9.4074053,lake
38.7504569,-9.4074665,lake
38.7504185,-9.4076075,lake
38.750394,-9.4077059,lake
38.7503627,-9.407824,lake
38.7503663,-9.4079796,lake
38.7504122,-9.4080215,lake
38.7504709,-9.4080386,lake
38.7505504,-9.4080064,lake
38.7506048,-9.4079689,lake
38.7506261,-9.4079466,lake
38.7928371,-9.4207774,pond
38.79283,-9.4207623,pond
38.7928112,-9.4207656,pond
38.7928088,-9.4207817,pond
38.7928125,-9.4207951,pond
38.7928344,-9.4207941,pond
38.7928371,-9.4207774,pond
